,Time,Time_Elapsed,Disk_Precentage
0,04:45:05,0.0014710426330566406,74.2
1,04:45:05,0.10189580917358398,74.2
2,04:45:05,0.20223641395568848,74.2
3,04:45:06,0.302731990814209,74.2
4,04:45:06,0.40320348739624023,74.2
5,04:45:06,0.5036239624023438,74.2
6,04:45:06,0.6047260761260986,74.2
7,04:45:06,0.7052233219146729,74.2
8,04:45:06,0.8058438301086426,74.2
9,04:45:06,0.9063382148742676,74.2
10,04:45:06,1.0113720893859863,74.2
11,04:45:06,1.1117079257965088,74.2
12,04:45:07,1.2120461463928223,74.2
13,04:45:07,1.312391996383667,74.2
14,04:45:07,1.4129118919372559,74.2
15,04:45:07,1.513397455215454,74.2
16,04:45:07,1.6137542724609375,74.2
17,04:45:07,1.7141363620758057,74.2
18,04:45:07,1.8145601749420166,74.2
19,04:45:07,1.9149115085601807,74.2
20,04:45:07,2.0152857303619385,74.2
21,04:45:07,2.1155803203582764,74.2
22,04:45:08,2.2159252166748047,74.2
23,04:45:08,2.3163180351257324,74.2
24,04:45:08,2.416715621948242,74.2
25,04:45:08,2.5172181129455566,74.2
26,04:45:08,2.617591381072998,74.2
27,04:45:08,2.7179434299468994,74.2
28,04:45:08,2.8183364868164062,74.2
29,04:45:08,2.9187066555023193,74.2
30,04:45:08,3.0191242694854736,74.2
31,04:45:08,3.1195194721221924,74.2
32,04:45:09,3.2198212146759033,74.2
33,04:45:09,3.320185899734497,74.2
34,04:45:09,3.420525312423706,74.2
35,04:45:09,3.5208752155303955,74.2
36,04:45:09,3.621211528778076,74.2
37,04:45:09,3.7215428352355957,74.2
38,04:45:09,3.8219263553619385,74.2
39,04:45:09,3.9222819805145264,74.2
40,04:45:09,4.022607326507568,74.2
41,04:45:09,4.122956275939941,74.2
42,04:45:10,4.223356246948242,74.2
43,04:45:10,4.323653936386108,74.2
44,04:45:10,4.425752878189087,74.2
45,04:45:10,4.526126146316528,74.2
46,04:45:10,4.626501083374023,74.2
47,04:45:10,4.726884365081787,74.2
48,04:45:10,4.827270746231079,74.2
49,04:45:10,4.935317516326904,74.2
50,04:45:10,5.035684823989868,74.2
51,04:45:10,5.136012315750122,74.2
52,04:45:11,5.236366510391235,74.2
53,04:45:11,5.336925745010376,74.2
54,04:45:11,5.437257528305054,74.2
55,04:45:11,5.537586450576782,74.2
56,04:45:11,5.637953281402588,74.2
57,04:45:11,5.738316774368286,74.2
58,04:45:11,5.83876633644104,74.2
59,04:45:11,5.9393391609191895,74.2
60,04:45:11,6.039671182632446,74.2
61,04:45:11,6.140028953552246,74.2
62,04:45:12,6.24039363861084,74.2
63,04:45:12,6.340720891952515,74.2
64,04:45:12,6.441089630126953,74.2
65,04:45:12,6.541447401046753,74.2
66,04:45:12,6.641826152801514,74.2
67,04:45:12,6.742189884185791,74.2
68,04:45:12,6.842521667480469,74.2
69,04:45:12,6.943690538406372,74.2
70,04:45:12,7.044025659561157,74.2
71,04:45:12,7.144373893737793,74.2
72,04:45:13,7.244710922241211,74.2
73,04:45:13,7.345067739486694,74.2
74,04:45:13,7.445448398590088,74.2
75,04:45:13,7.545740127563477,74.2
76,04:45:13,7.64608359336853,74.2
77,04:45:13,7.746483325958252,74.2
78,04:45:13,7.846887588500977,74.2
79,04:45:13,7.947272777557373,74.2
80,04:45:13,8.047642469406128,74.2
81,04:45:13,8.148022651672363,74.2
82,04:45:14,8.248381853103638,74.2
83,04:45:14,8.348731994628906,74.2
84,04:45:14,8.449042081832886,74.2
85,04:45:14,8.549422979354858,74.2
86,04:45:14,8.649829149246216,74.2
87,04:45:14,8.750193119049072,74.2
88,04:45:14,8.850696802139282,74.2
89,04:45:14,8.951070070266724,74.2
90,04:45:14,9.05143666267395,74.2
91,04:45:14,9.15177297592163,74.2
92,04:45:15,9.252132892608643,74.2
93,04:45:15,9.352482795715332,74.2
94,04:45:15,9.452803134918213,74.2
95,04:45:15,9.553141593933105,74.2
96,04:45:15,9.65353012084961,74.2
97,04:45:15,9.75383996963501,74.2
98,04:45:15,9.85422658920288,74.2
99,04:45:15,9.954588890075684,74.2
100,04:45:15,10.054933786392212,74.2
101,04:45:15,10.155304431915283,74.2
102,04:45:16,10.255659580230713,74.2
103,04:45:16,10.355993509292603,74.2
104,04:45:16,10.456355571746826,74.2
105,04:45:16,10.55674695968628,74.2
106,04:45:16,10.657085418701172,74.2
107,04:45:16,10.757660150527954,74.2
108,04:45:16,10.85794472694397,74.2
109,04:45:16,10.958305597305298,74.2
110,04:45:16,11.05868411064148,74.2
111,04:45:16,11.159050464630127,74.2
112,04:45:17,11.259357213973999,74.2
113,04:45:17,11.359666347503662,74.2
114,04:45:17,11.460059642791748,74.2
115,04:45:17,11.560470342636108,74.2
116,04:45:17,11.660809516906738,74.2
117,04:45:17,11.7611722946167,74.2
118,04:45:17,11.86147665977478,74.2
119,04:45:17,11.961842060089111,74.2
120,04:45:17,12.062268018722534,74.2
121,04:45:17,12.162649154663086,74.2
122,04:45:18,12.26299262046814,74.2
123,04:45:18,12.363298416137695,74.2
124,04:45:18,12.463626623153687,74.2
125,04:45:18,12.563970804214478,74.2
126,04:45:18,12.6643385887146,74.2
127,04:45:18,12.764664888381958,74.2
128,04:45:18,12.865039825439453,74.2
129,04:45:18,12.965370178222656,74.2
130,04:45:18,13.065646409988403,74.2
131,04:45:18,13.166010856628418,74.2
132,04:45:19,13.26636266708374,74.2
133,04:45:19,13.366735219955444,74.2
134,04:45:19,13.467119455337524,74.2
135,04:45:19,13.567486047744751,74.2
136,04:45:19,13.667831897735596,74.2
137,04:45:19,13.773154020309448,74.2
138,04:45:19,13.873505115509033,74.2
139,04:45:19,13.973902225494385,74.2
140,04:45:19,14.074200630187988,74.2
141,04:45:19,14.174543619155884,74.2
142,04:45:20,14.274874687194824,74.2
143,04:45:20,14.375340938568115,74.2
144,04:45:20,14.475679636001587,74.2
145,04:45:20,14.576002597808838,74.2
146,04:45:20,14.676329135894775,74.2
147,04:45:20,14.776803493499756,74.2
148,04:45:20,14.877230644226074,74.2
149,04:45:20,14.97760009765625,74.2
150,04:45:20,15.077914953231812,74.2
151,04:45:20,15.178239583969116,74.2
152,04:45:21,15.278674364089966,74.2
153,04:45:21,15.379042387008667,74.2
154,04:45:21,15.479314088821411,74.2
155,04:45:21,15.57966923713684,74.2
156,04:45:21,15.680014610290527,74.2
157,04:45:21,15.78036379814148,74.2
158,04:45:21,15.880716800689697,74.2
159,04:45:21,15.98103928565979,74.2
160,04:45:21,16.081448793411255,74.2
161,04:45:21,16.181734800338745,74.2
162,04:45:22,16.282103300094604,74.2
163,04:45:22,16.382500648498535,74.2
164,04:45:22,16.482857942581177,74.2
165,04:45:22,16.583213567733765,74.2
166,04:45:22,16.68358588218689,74.2
167,04:45:22,16.783981561660767,74.2
168,04:45:22,16.884374141693115,74.2
169,04:45:22,16.984710454940796,74.2
170,04:45:22,17.085020780563354,74.2
171,04:45:22,17.18540048599243,74.2
172,04:45:23,17.285769939422607,74.2
173,04:45:23,17.38606905937195,74.2
174,04:45:23,17.48639440536499,74.2
175,04:45:23,17.58680510520935,74.2
176,04:45:23,17.68718957901001,74.2
177,04:45:23,17.787510633468628,74.2
178,04:45:23,17.887789964675903,74.2
179,04:45:23,17.988632678985596,74.2
180,04:45:23,18.08897829055786,74.2
181,04:45:23,18.189353704452515,74.2
182,04:45:24,18.289703607559204,74.2
183,04:45:24,18.3900625705719,74.2
184,04:45:24,18.49040961265564,74.2
185,04:45:24,18.590746641159058,74.2
186,04:45:24,18.691153287887573,74.2
187,04:45:24,18.79148554801941,74.2
188,04:45:24,18.89180874824524,74.2
189,04:45:24,18.992136240005493,74.2
190,04:45:24,19.092509984970093,74.2
191,04:45:24,19.192845344543457,74.2
192,04:45:25,19.29332947731018,74.2
193,04:45:25,19.404433488845825,74.2
194,04:45:25,19.504740238189697,74.2
195,04:45:25,19.605056285858154,74.2
196,04:45:25,19.705443143844604,74.2
197,04:45:25,19.805832147598267,74.2
198,04:45:25,19.906197547912598,74.2
199,04:45:25,20.006530046463013,74.2
200,04:45:25,20.1068913936615,74.2
201,04:45:26,20.207287549972534,74.2
202,04:45:26,20.30763602256775,74.2
203,04:45:26,20.40798282623291,74.2
204,04:45:26,20.508291721343994,74.2
205,04:45:26,20.608750820159912,74.2
206,04:45:26,20.70914125442505,74.2
207,04:45:26,20.809460639953613,74.2
208,04:45:26,20.90980339050293,74.2
209,04:45:26,21.010136127471924,74.2
210,04:45:26,21.110464572906494,74.2
211,04:45:27,21.2107892036438,74.2
212,04:45:27,21.311190366744995,74.2
213,04:45:27,21.41201639175415,74.2
214,04:45:27,21.512245416641235,74.2
215,04:45:27,21.61248779296875,74.2
216,04:45:27,21.71275043487549,74.2
217,04:45:27,21.81311058998108,74.2
218,04:45:27,21.913535594940186,74.2
219,04:45:27,22.01388144493103,74.2
220,04:45:27,22.11439538002014,74.2
221,04:45:28,22.214725732803345,74.2
222,04:45:28,22.31505060195923,74.2
223,04:45:28,22.415417671203613,74.2
224,04:45:28,22.515705823898315,74.2
225,04:45:28,22.61602210998535,74.2
226,04:45:28,22.716267347335815,74.2
227,04:45:28,22.816530466079712,74.2
228,04:45:28,22.916820287704468,74.2
229,04:45:28,23.017371654510498,74.2
230,04:45:28,23.11796498298645,74.2
231,04:45:29,23.21865177154541,74.2
232,04:45:29,23.319355964660645,74.2
233,04:45:29,23.41969108581543,74.2
234,04:45:29,23.52015233039856,74.2
235,04:45:29,23.62049102783203,74.2
236,04:45:29,23.720824480056763,74.2
237,04:45:29,23.82131004333496,74.2
238,04:45:29,23.921677589416504,74.2
239,04:45:29,24.02200412750244,74.2
240,04:45:29,24.122353553771973,74.2
241,04:45:30,24.222704648971558,74.2
242,04:45:30,24.323047161102295,74.2
243,04:45:30,24.423375844955444,74.2
244,04:45:30,24.5237033367157,74.2
245,04:45:30,24.62430453300476,74.2
246,04:45:30,24.72465753555298,74.2
247,04:45:30,24.833279132843018,74.2
248,04:45:30,24.933581352233887,74.2
249,04:45:30,25.033907175064087,74.2
250,04:45:30,25.134234189987183,74.2
251,04:45:31,25.23455286026001,74.2
252,04:45:31,25.334888696670532,74.2
253,04:45:31,25.43523931503296,74.2
254,04:45:31,25.53775978088379,74.2
255,04:45:31,25.638381242752075,74.2
256,04:45:31,25.739129304885864,74.2
257,04:45:31,25.839897871017456,74.2
258,04:45:31,25.940147876739502,74.2
259,04:45:31,26.04053258895874,74.2
260,04:45:31,26.140869855880737,74.2
261,04:45:32,26.241238355636597,74.2
262,04:45:32,26.341678142547607,74.2
263,04:45:32,26.442009925842285,74.2
264,04:45:32,26.542361974716187,74.2
265,04:45:32,26.64272427558899,74.2
266,04:45:32,26.743595123291016,74.2
267,04:45:32,26.84391474723816,74.2
268,04:45:32,26.944286823272705,74.2
269,04:45:32,27.04459547996521,74.2
270,04:45:32,27.145033359527588,74.2
271,04:45:33,27.24537205696106,74.2
272,04:45:33,27.34574270248413,74.2
273,04:45:33,27.446104288101196,74.2
274,04:45:33,27.550841331481934,74.2
275,04:45:33,27.651212453842163,74.2
276,04:45:33,27.751652479171753,74.2
277,04:45:33,27.85198664665222,74.2
278,04:45:33,27.952285289764404,74.2
279,04:45:33,28.05259895324707,74.2
280,04:45:33,28.1529278755188,74.2
281,04:45:34,28.25328302383423,74.2
282,04:45:34,28.353668212890625,74.2
283,04:45:34,28.454018592834473,74.2
284,04:45:34,28.554399967193604,74.2
285,04:45:34,28.65476107597351,74.2
286,04:45:34,28.75514841079712,74.2
287,04:45:34,28.8554949760437,74.2
288,04:45:34,28.95583486557007,74.2
289,04:45:34,29.056162118911743,74.2
290,04:45:34,29.162075757980347,74.2
291,04:45:35,29.262466430664062,74.2
292,04:45:35,29.36279797554016,74.2
293,04:45:35,29.46312642097473,74.2
294,04:45:35,29.563457012176514,74.2
295,04:45:35,29.66380214691162,74.2
296,04:45:35,29.764140129089355,74.2
297,04:45:35,29.864433526992798,74.2
298,04:45:35,29.96471881866455,74.2
299,04:45:35,30.065088748931885,74.2
300,04:45:35,30.1654851436615,74.2
301,04:45:36,30.265870094299316,74.2
302,04:45:36,30.36622643470764,74.2
303,04:45:36,30.46655011177063,74.2
304,04:45:36,30.56762409210205,74.2
305,04:45:36,30.668010473251343,74.2
306,04:45:36,30.768453121185303,74.2
307,04:45:36,30.868795156478882,74.2
308,04:45:36,30.969191312789917,74.2
309,04:45:36,31.06958317756653,74.2
310,04:45:36,31.169955253601074,74.2
311,04:45:37,31.27028250694275,74.2
312,04:45:37,31.37064504623413,74.2
313,04:45:37,31.470990896224976,74.2
314,04:45:37,31.57125234603882,74.2
315,04:45:37,31.6715567111969,74.2
316,04:45:37,31.771947145462036,74.2
317,04:45:37,31.872276067733765,74.2
318,04:45:37,31.972614526748657,74.2
319,04:45:37,32.072927951812744,74.2
320,04:45:37,32.17328500747681,74.2
321,04:45:38,32.273624658584595,74.2
322,04:45:38,32.37393832206726,74.2
323,04:45:38,32.47428774833679,74.2
324,04:45:38,32.574679136276245,74.2
325,04:45:38,32.674970865249634,74.2
326,04:45:38,32.77531981468201,74.2
327,04:45:38,32.87572145462036,74.2
328,04:45:38,32.976078033447266,74.2
329,04:45:38,33.076478481292725,74.2
330,04:45:38,33.17756915092468,74.2
331,04:45:39,33.27789258956909,74.2
332,04:45:39,33.37931942939758,74.2
333,04:45:39,33.47970151901245,74.2
334,04:45:39,33.57994604110718,74.2
335,04:45:39,33.68022012710571,74.2
336,04:45:39,33.780603647232056,74.2
337,04:45:39,33.88096833229065,74.2
338,04:45:39,33.98125958442688,74.2
339,04:45:39,34.081910133361816,74.2
340,04:45:39,34.18228840827942,74.2
341,04:45:40,34.28263258934021,74.2
342,04:45:40,34.38297891616821,74.2
343,04:45:40,34.48334550857544,74.2
344,04:45:40,34.58368968963623,74.2
345,04:45:40,34.684011697769165,74.2
346,04:45:40,34.7843177318573,74.2
347,04:45:40,34.884663105010986,74.2
348,04:45:40,34.98496437072754,74.2
349,04:45:40,35.08531856536865,74.2
350,04:45:40,35.18561339378357,74.2
351,04:45:41,35.28590536117554,74.2
352,04:45:41,35.3861939907074,74.2
353,04:45:41,35.486483335494995,74.2
354,04:45:41,35.586830139160156,74.2
355,04:45:41,35.68721628189087,74.2
356,04:45:41,35.78757977485657,74.2
357,04:45:41,35.88790822029114,74.2
358,04:45:41,35.9883017539978,74.2
359,04:45:41,36.08869671821594,74.2
360,04:45:41,36.18914222717285,74.2
361,04:45:42,36.28957796096802,74.2
362,04:45:42,36.39002513885498,74.2
363,04:45:42,36.490320920944214,74.2
364,04:45:42,36.590800762176514,74.2
365,04:45:42,36.691205739974976,74.2
366,04:45:42,36.79155778884888,74.2
367,04:45:42,36.89189553260803,74.2
368,04:45:42,36.99221467971802,74.2
369,04:45:42,37.09255790710449,74.2
370,04:45:42,37.192922830581665,74.2
371,04:45:43,37.29332113265991,74.2
372,04:45:43,37.39366841316223,74.2
373,04:45:43,37.49395990371704,74.2
374,04:45:43,37.59432625770569,74.2
375,04:45:43,37.694671392440796,74.2
376,04:45:43,37.79502296447754,74.2
377,04:45:43,37.89532804489136,74.2
378,04:45:43,37.99566674232483,74.2
379,04:45:43,38.09601330757141,74.2
380,04:45:43,38.19635057449341,74.2
381,04:45:44,38.2967324256897,74.2
382,04:45:44,38.400386571884155,74.2
383,04:45:44,38.50070929527283,74.2
384,04:45:44,38.60099172592163,74.2
385,04:45:44,38.706693172454834,74.3
386,04:45:44,38.80724835395813,74.3
387,04:45:44,38.90762138366699,74.3
388,04:45:44,39.00796294212341,74.3
389,04:45:44,39.10830855369568,74.3
390,04:45:45,39.20864462852478,74.3
391,04:45:45,39.30899381637573,74.3
392,04:45:45,39.40928649902344,74.3
393,04:45:45,39.50960087776184,74.3
394,04:45:45,39.609991788864136,74.3
395,04:45:45,39.710304498672485,74.3
396,04:45:45,39.810643672943115,74.3
397,04:45:45,39.91100311279297,74.3
398,04:45:45,40.01131534576416,74.3
399,04:45:45,40.1116669178009,74.3
400,04:45:46,40.212114334106445,74.3
401,04:45:46,40.31243348121643,74.3
402,04:45:46,40.412824630737305,74.3
403,04:45:46,40.51315951347351,74.3
404,04:45:46,40.61926770210266,74.3
405,04:45:46,40.7195782661438,74.3
406,04:45:46,40.819905519485474,74.3
407,04:45:46,40.92440962791443,74.3
408,04:45:46,41.02510213851929,74.3
409,04:45:46,41.1263701915741,74.3
410,04:45:47,41.23529767990112,74.3
411,04:45:47,41.335596561431885,74.3
412,04:45:47,41.43582844734192,74.3
413,04:45:47,41.53616690635681,74.3
414,04:45:47,41.63640737533569,74.3
415,04:45:47,41.73674702644348,74.3
416,04:45:47,41.83717393875122,74.3
417,04:45:47,41.93751645088196,74.3
418,04:45:47,42.037785053253174,74.3
419,04:45:47,42.138054609298706,74.3
420,04:45:48,42.243884563446045,74.3
421,04:45:48,42.34686589241028,74.3
422,04:45:48,42.44751310348511,74.3
423,04:45:48,42.54795479774475,74.3
424,04:45:48,42.648316860198975,74.3
425,04:45:48,42.7486674785614,74.3
426,04:45:48,42.84900259971619,74.3
427,04:45:48,42.94935989379883,74.3
428,04:45:48,43.04970932006836,74.3
429,04:45:48,43.150060415267944,74.3
430,04:45:49,43.250633239746094,74.3
431,04:45:49,43.350974559783936,74.3
432,04:45:49,43.45134973526001,74.3
433,04:45:49,43.55169320106506,74.3
434,04:45:49,43.652045488357544,74.3
435,04:45:49,43.75237727165222,74.3
436,04:45:49,43.85267376899719,74.3
437,04:45:49,43.9567973613739,74.3
438,04:45:49,44.05745840072632,74.3
439,04:45:49,44.1580445766449,74.3
440,04:45:50,44.25873064994812,74.3
441,04:45:50,44.35905647277832,74.3
442,04:45:50,44.45925426483154,74.3
443,04:45:50,44.559722661972046,74.3
444,04:45:50,44.66075921058655,74.3
445,04:45:50,44.761290311813354,74.3
446,04:45:50,44.861597537994385,74.3
447,04:45:50,44.96331286430359,74.3
448,04:45:50,45.06366229057312,74.3
449,04:45:50,45.16409230232239,74.3
450,04:45:51,45.26469874382019,74.3
451,04:45:51,45.36506414413452,74.3
452,04:45:51,45.46541380882263,74.3
453,04:45:51,45.5657525062561,74.3
454,04:45:51,45.666027784347534,74.3
455,04:45:51,45.76639246940613,74.3
456,04:45:51,45.86675238609314,74.3
457,04:45:51,45.96714377403259,74.3
458,04:45:51,46.067487955093384,74.3
459,04:45:51,46.16780066490173,74.3
460,04:45:52,46.275310754776,74.3
461,04:45:52,46.375669717788696,74.3
462,04:45:52,46.476210594177246,74.3
463,04:45:52,46.57657861709595,74.3
464,04:45:52,46.67690420150757,74.3
465,04:45:52,46.77717304229736,74.3
466,04:45:52,46.88183379173279,74.3
467,04:45:52,46.98213720321655,74.3
468,04:45:52,47.086148262023926,74.3
469,04:45:52,47.18678259849548,74.3
470,04:45:53,47.287153482437134,74.3
471,04:45:53,47.38749361038208,74.3
472,04:45:53,47.48787546157837,74.3
473,04:45:53,47.588207483291626,74.3
474,04:45:53,47.68868899345398,74.3
475,04:45:53,47.788981676101685,74.3
476,04:45:53,47.889310121536255,74.3
477,04:45:53,47.98967504501343,74.3
478,04:45:53,48.09001326560974,74.3
479,04:45:53,48.190412282943726,74.3
480,04:45:54,48.29075264930725,74.3
481,04:45:54,48.39109683036804,74.3
482,04:45:54,48.49142289161682,74.3
483,04:45:54,48.591835498809814,74.3
484,04:45:54,48.69217538833618,74.3
485,04:45:54,48.792855739593506,74.3
486,04:45:54,48.89401650428772,74.3
487,04:45:54,48.99441456794739,74.3
488,04:45:54,49.0947802066803,74.3
489,04:45:54,49.195218086242676,74.3
490,04:45:55,49.29582595825195,74.3
491,04:45:55,49.396268129348755,74.3
492,04:45:55,49.49658441543579,74.3
493,04:45:55,49.59701609611511,74.3
494,04:45:55,49.69734740257263,74.3
495,04:45:55,49.7977180480957,74.3
496,04:45:55,49.898064613342285,74.3
497,04:45:55,49.99841284751892,74.3
498,04:45:55,50.098751068115234,74.3
499,04:45:55,50.199068546295166,74.3
500,04:45:56,50.2994384765625,74.3
501,04:45:56,50.399869441986084,74.3
502,04:45:56,50.50019431114197,74.3
503,04:45:56,50.608856201171875,74.3
504,04:45:56,50.70918297767639,74.3
505,04:45:56,50.80961894989014,74.3
506,04:45:56,50.90999245643616,74.3
507,04:45:56,51.01038122177124,74.3
508,04:45:56,51.11070370674133,74.3
509,04:45:57,51.21105122566223,74.3
510,04:45:57,51.31138586997986,74.3
511,04:45:57,51.411901235580444,74.3
512,04:45:57,51.51242756843567,74.3
513,04:45:57,51.61274480819702,74.3
514,04:45:57,51.71307373046875,74.3
515,04:45:57,51.81338977813721,74.3
516,04:45:57,51.91372013092041,74.3
517,04:45:57,52.01413440704346,74.3
518,04:45:57,52.11449432373047,74.3
519,04:45:58,52.21496105194092,74.3
520,04:45:58,52.31532526016235,74.3
521,04:45:58,52.41562461853027,74.3
522,04:45:58,52.516050577163696,74.3
523,04:45:58,52.61639857292175,74.3
524,04:45:58,52.716753244400024,74.3
525,04:45:58,52.81720232963562,74.3
526,04:45:58,52.917534589767456,74.3
527,04:45:58,53.01787495613098,74.3
528,04:45:58,53.118239641189575,74.3
529,04:45:59,53.218583822250366,74.3
530,04:45:59,53.31895112991333,74.3
531,04:45:59,53.41931986808777,74.3
532,04:45:59,53.51961612701416,74.3
533,04:45:59,53.62467074394226,74.3
534,04:45:59,53.72503066062927,74.3
535,04:45:59,53.82538819313049,74.3
536,04:45:59,53.92573666572571,74.3
537,04:45:59,54.026073694229126,74.3
538,04:45:59,54.126442193984985,74.3
539,04:46:00,54.22682309150696,74.3
540,04:46:00,54.32728838920593,74.3
541,04:46:00,54.42753052711487,74.3
542,04:46:00,54.52780747413635,74.3
543,04:46:00,54.62813138961792,74.3
544,04:46:00,54.72852325439453,74.3
545,04:46:00,54.82892370223999,74.3
546,04:46:00,54.92933464050293,74.3
547,04:46:00,55.02966904640198,74.3
548,04:46:00,55.13000798225403,74.3
549,04:46:01,55.23031568527222,74.3
550,04:46:01,55.33067512512207,74.3
551,04:46:01,55.430999994277954,74.3
552,04:46:01,55.531330585479736,74.3
553,04:46:01,55.63165330886841,74.3
554,04:46:01,55.73200058937073,74.3
555,04:46:01,55.832414865493774,74.3
556,04:46:01,55.932796239852905,74.3
557,04:46:01,56.03314161300659,74.3
558,04:46:01,56.13348984718323,74.3
559,04:46:02,56.23385190963745,74.3
560,04:46:02,56.33413076400757,74.3
561,04:46:02,56.43656373023987,74.3
562,04:46:02,56.53689384460449,74.3
563,04:46:02,56.63721013069153,74.3
564,04:46:02,56.739304542541504,74.3
565,04:46:02,56.83968997001648,74.3
566,04:46:02,56.940054416656494,74.3
567,04:46:02,57.04037094116211,74.3
568,04:46:02,57.14071297645569,74.3
569,04:46:03,57.24104642868042,74.3
570,04:46:03,57.34138774871826,74.3
571,04:46:03,57.44165229797363,74.3
572,04:46:03,57.54199743270874,74.3
573,04:46:03,57.642319202423096,74.3
574,04:46:03,57.74266982078552,74.3
575,04:46:03,57.842995166778564,74.3
576,04:46:03,57.94399809837341,74.3
577,04:46:03,58.04455089569092,74.3
578,04:46:03,58.14489793777466,74.3
579,04:46:04,58.24523425102234,74.3
580,04:46:04,58.34552073478699,74.3
581,04:46:04,58.44587016105652,74.3
582,04:46:04,58.54616403579712,74.3
583,04:46:04,58.64642333984375,74.3
584,04:46:04,58.7467679977417,74.3
585,04:46:04,58.84712839126587,74.3
586,04:46:04,58.947471141815186,74.3
587,04:46:04,59.04784655570984,74.3
588,04:46:04,59.14818096160889,74.3
589,04:46:05,59.24852800369263,74.3
590,04:46:05,59.348758935928345,74.3
591,04:46:05,59.44908380508423,74.3
592,04:46:05,59.54941654205322,74.3
593,04:46:05,59.64973592758179,74.3
594,04:46:05,59.75017547607422,74.3
595,04:46:05,59.85059404373169,74.3
596,04:46:05,59.9509379863739,74.3
597,04:46:05,60.05127024650574,74.3
598,04:46:05,60.15162253379822,74.3
599,04:46:06,60.257107973098755,74.3
600,04:46:06,60.35738396644592,74.3
601,04:46:06,60.45768213272095,74.3
602,04:46:06,60.55810618400574,74.3
603,04:46:06,60.65842294692993,74.3
604,04:46:06,60.758827686309814,74.3
605,04:46:06,60.859249114990234,74.3
606,04:46:06,60.959582805633545,74.3
607,04:46:06,61.05991530418396,74.3
608,04:46:06,61.16021108627319,74.3
609,04:46:07,61.260547161102295,74.3
610,04:46:07,61.36083698272705,74.3
611,04:46:07,61.46282386779785,74.3
612,04:46:07,61.563164710998535,74.3
613,04:46:07,61.66346716880798,74.3
614,04:46:07,61.76382803916931,74.3
615,04:46:07,61.86416983604431,74.3
616,04:46:07,61.964534282684326,74.3
617,04:46:07,62.06486940383911,74.3
618,04:46:07,62.165181159973145,74.3
619,04:46:08,62.265594720840454,74.3
620,04:46:08,62.3659405708313,74.3
621,04:46:08,62.46622180938721,74.3
622,04:46:08,62.56664037704468,74.3
623,04:46:08,62.667020082473755,74.3
624,04:46:08,62.7672905921936,74.3
625,04:46:08,62.868715047836304,74.3
626,04:46:08,62.96906113624573,74.3
627,04:46:08,63.06940150260925,74.3
628,04:46:08,63.16974449157715,74.3
629,04:46:09,63.270106077194214,74.3
630,04:46:09,63.37045764923096,74.3
631,04:46:09,63.470842361450195,74.3
632,04:46:09,63.57128190994263,74.3
633,04:46:09,63.671587228775024,74.3
634,04:46:09,63.7719407081604,74.3
635,04:46:09,63.872289180755615,74.3
636,04:46:09,63.97383093833923,74.3
637,04:46:09,64.07415461540222,74.3
638,04:46:09,64.17445254325867,74.3
639,04:46:10,64.27481532096863,74.3
640,04:46:10,64.3752326965332,74.3
641,04:46:10,64.47555017471313,74.3
642,04:46:10,64.57593512535095,74.3
643,04:46:10,64.67621874809265,74.3
644,04:46:10,64.77659296989441,74.3
645,04:46:10,64.87697315216064,74.3
646,04:46:10,64.97733902931213,74.3
647,04:46:10,65.07765698432922,74.3
648,04:46:10,65.17795300483704,74.3
649,04:46:11,65.27828097343445,74.3
650,04:46:11,65.37856125831604,74.3
651,04:46:11,65.47890496253967,74.3
652,04:46:11,65.57919716835022,74.3
653,04:46:11,65.6795437335968,74.3
654,04:46:11,65.77982115745544,74.3
655,04:46:11,65.88341641426086,74.3
656,04:46:11,65.98378491401672,74.3
657,04:46:11,66.08418035507202,74.3
658,04:46:11,66.18452882766724,74.3
659,04:46:12,66.2848846912384,74.3
660,04:46:12,66.38522911071777,74.3
661,04:46:12,66.48554348945618,74.3
662,04:46:12,66.58589029312134,74.3
663,04:46:12,66.68624448776245,74.3
664,04:46:12,66.78659224510193,74.3
665,04:46:12,66.88698053359985,74.3
666,04:46:12,66.98730397224426,74.3
667,04:46:12,67.08764171600342,74.3
668,04:46:12,67.18798112869263,74.3
669,04:46:13,67.28833627700806,74.3
670,04:46:13,67.38870739936829,74.3
671,04:46:13,67.4889976978302,74.3
672,04:46:13,67.58933162689209,74.3
673,04:46:13,67.6897222995758,74.3
674,04:46:13,67.7900698184967,74.3
675,04:46:13,67.890380859375,74.3
676,04:46:13,67.9907329082489,74.3
677,04:46:13,68.09105014801025,74.3
678,04:46:13,68.19130945205688,74.3
679,04:46:14,68.29171323776245,74.3
680,04:46:14,68.392005443573,74.3
681,04:46:14,68.49224996566772,74.3
682,04:46:14,68.59254956245422,74.3
683,04:46:14,68.69302725791931,74.3
684,04:46:14,68.79339075088501,74.3
685,04:46:14,68.89380478858948,74.3
686,04:46:14,68.99413681030273,74.3
687,04:46:14,69.09456372261047,74.3
688,04:46:14,69.19488453865051,74.3
689,04:46:15,69.29524350166321,74.3
690,04:46:15,69.39552307128906,74.3
691,04:46:15,69.49586319923401,74.3
692,04:46:15,69.59613990783691,74.3
693,04:46:15,69.69705271720886,74.3
694,04:46:15,69.80054020881653,74.3
695,04:46:15,69.90090775489807,74.3
696,04:46:15,70.0012629032135,74.3
697,04:46:15,70.10158967971802,74.3
698,04:46:15,70.20193195343018,74.3
699,04:46:16,70.30230593681335,74.3
700,04:46:16,70.41531038284302,74.3
701,04:46:16,70.51594161987305,74.3
702,04:46:16,70.61620926856995,74.3
703,04:46:16,70.71657657623291,74.3
704,04:46:16,70.81688737869263,74.3
705,04:46:16,70.91723585128784,74.3
706,04:46:16,71.0175552368164,74.3
707,04:46:16,71.1178936958313,74.3
708,04:46:17,71.21824669837952,74.3
709,04:46:17,71.32653713226318,74.3
710,04:46:17,71.42751741409302,74.3
711,04:46:17,71.52783298492432,74.3
712,04:46:17,71.6281533241272,74.3
713,04:46:17,71.72854375839233,74.3
714,04:46:17,71.82891988754272,74.3
715,04:46:17,71.92931628227234,74.3
716,04:46:17,72.02970790863037,74.3
717,04:46:17,72.13019919395447,74.3
718,04:46:18,72.23076009750366,74.3
719,04:46:18,72.33134412765503,74.3
720,04:46:18,72.4317934513092,74.3
721,04:46:18,72.53222227096558,74.3
722,04:46:18,72.63294410705566,74.3
723,04:46:18,72.73347401618958,74.3
724,04:46:18,72.83379983901978,74.3
725,04:46:18,72.93423366546631,74.3
726,04:46:18,73.03485774993896,74.3
727,04:46:18,73.135906457901,74.3
728,04:46:19,73.2362928390503,74.3
729,04:46:19,73.33676886558533,74.3
730,04:46:19,73.43775796890259,74.3
731,04:46:19,73.5383734703064,74.3
732,04:46:19,73.63988900184631,74.3
733,04:46:19,73.74027109146118,74.3
734,04:46:19,73.84080672264099,74.3
735,04:46:19,73.94131278991699,74.3
736,04:46:19,74.04173755645752,74.3
737,04:46:19,74.14216828346252,74.3
738,04:46:20,74.24270153045654,74.3
739,04:46:20,74.34336948394775,74.3
740,04:46:20,74.44378352165222,74.3
741,04:46:20,74.54485988616943,74.3
742,04:46:20,74.64544892311096,74.3
743,04:46:20,74.74583435058594,74.3
744,04:46:20,74.84616780281067,74.3
745,04:46:20,74.94677925109863,74.3
746,04:46:20,75.04727005958557,74.3
747,04:46:20,75.14774703979492,74.3
748,04:46:21,75.2482099533081,74.3
749,04:46:21,75.34872770309448,74.3
750,04:46:21,75.44926762580872,74.3
751,04:46:21,75.54964303970337,74.3
752,04:46:21,75.65066123008728,74.3
753,04:46:21,75.75151586532593,74.3
754,04:46:21,75.8519024848938,74.3
755,04:46:21,75.95233798027039,74.3
756,04:46:21,76.05266952514648,74.3
757,04:46:21,76.15331530570984,74.3
758,04:46:22,76.25400447845459,74.3
759,04:46:22,76.35448694229126,74.3
760,04:46:22,76.45482063293457,74.3
761,04:46:22,76.55540776252747,74.3
762,04:46:22,76.65576910972595,74.3
763,04:46:22,76.75610089302063,74.3
764,04:46:22,76.8564658164978,74.3
765,04:46:22,76.95679664611816,74.3
766,04:46:22,77.0571928024292,74.3
767,04:46:22,77.15752220153809,74.3
768,04:46:23,77.26024198532104,74.3
769,04:46:23,77.36055850982666,74.3
770,04:46:23,77.46087861061096,74.3
771,04:46:23,77.56123518943787,74.3
772,04:46:23,77.66179370880127,74.3
773,04:46:23,77.7622618675232,74.3
774,04:46:23,77.86264181137085,74.3
775,04:46:23,77.96328568458557,74.3
776,04:46:23,78.06397891044617,74.3
777,04:46:23,78.16436219215393,74.3
778,04:46:24,78.26468873023987,74.3
779,04:46:24,78.3651921749115,74.3
780,04:46:24,78.46566772460938,74.3
781,04:46:24,78.56604290008545,74.3
782,04:46:24,78.66636967658997,74.3
783,04:46:24,78.7668445110321,74.3
784,04:46:24,78.86744165420532,74.3
785,04:46:24,78.96782517433167,74.3
786,04:46:24,79.06814885139465,74.3
787,04:46:24,79.1685380935669,74.3
788,04:46:25,79.2695963382721,74.3
789,04:46:25,79.37018418312073,74.3
790,04:46:25,79.4705536365509,74.3
791,04:46:25,79.57172226905823,74.3
792,04:46:25,79.673983335495,74.3
793,04:46:25,79.77461290359497,74.3
794,04:46:25,79.87499237060547,74.3
795,04:46:25,79.975656747818,74.3
796,04:46:25,80.07602620124817,74.3
797,04:46:25,80.17777180671692,74.3
798,04:46:26,80.27821397781372,74.3
799,04:46:26,80.37897849082947,74.3
800,04:46:26,80.47944021224976,74.3
801,04:46:26,80.57976174354553,74.3
802,04:46:26,80.68007946014404,74.3
803,04:46:26,80.78038454055786,74.3
804,04:46:26,80.88069796562195,74.3
805,04:46:26,80.981032371521,74.3
806,04:46:26,81.08147358894348,74.3
807,04:46:26,81.18206548690796,74.3
808,04:46:27,81.28247141838074,74.3
809,04:46:27,81.38278889656067,74.3
810,04:46:27,81.48346495628357,74.3
811,04:46:27,81.58495545387268,74.3
812,04:46:27,81.68539094924927,74.3
813,04:46:27,81.78583979606628,74.3
814,04:46:27,81.88649249076843,74.3
815,04:46:27,81.98702454566956,74.3
816,04:46:27,82.08787775039673,74.3
817,04:46:27,82.18829941749573,74.3
818,04:46:28,82.28901481628418,74.3
819,04:46:28,82.39105176925659,74.3
820,04:46:28,82.49206924438477,74.3
821,04:46:28,82.5926206111908,74.3
822,04:46:28,82.69299077987671,74.3
823,04:46:28,82.79368901252747,74.3
824,04:46:28,82.89550924301147,74.3
825,04:46:28,82.9958758354187,74.3
826,04:46:28,83.09620380401611,74.3
827,04:46:28,83.19655442237854,74.3
828,04:46:29,83.29701685905457,74.3
829,04:46:29,83.39749550819397,74.3
830,04:46:29,83.49787545204163,74.3
831,04:46:29,83.59827923774719,74.3
832,04:46:29,83.6988775730133,74.3
833,04:46:29,83.79968523979187,74.3
834,04:46:29,83.9001853466034,74.3
835,04:46:29,84.00049090385437,74.3
836,04:46:29,84.10138630867004,74.3
837,04:46:29,84.20175385475159,74.3
838,04:46:30,84.30211734771729,74.3
839,04:46:30,84.40291285514832,74.3
840,04:46:30,84.50329041481018,74.3
841,04:46:30,84.60363793373108,74.3
842,04:46:30,84.70410108566284,74.3
843,04:46:30,84.80462121963501,74.3
844,04:46:30,84.90500617027283,74.3
845,04:46:30,85.00537991523743,74.3
846,04:46:30,85.10578632354736,74.3
847,04:46:31,85.20620918273926,74.3
848,04:46:31,85.30668210983276,74.3
849,04:46:31,85.40718674659729,74.3
850,04:46:31,85.50753736495972,74.3
851,04:46:31,85.6080732345581,74.3
852,04:46:31,85.70843648910522,74.3
853,04:46:31,85.80881118774414,74.3
854,04:46:31,85.90925431251526,74.3
855,04:46:31,86.00974178314209,74.3
856,04:46:31,86.11013722419739,74.3
857,04:46:32,86.21046423912048,74.3
858,04:46:32,86.31131792068481,74.3
859,04:46:32,86.41200184822083,74.3
860,04:46:32,86.512362241745,74.3
861,04:46:32,86.61283254623413,74.3
862,04:46:32,86.7134301662445,74.3
863,04:46:32,86.8138599395752,74.3
864,04:46:32,86.91423630714417,74.3
865,04:46:32,87.01458692550659,74.3
866,04:46:32,87.11520195007324,74.3
867,04:46:33,87.21561169624329,74.3
868,04:46:33,87.31588745117188,74.3
869,04:46:33,87.41631770133972,74.3
870,04:46:33,87.51680302619934,74.3
871,04:46:33,87.61717128753662,74.3
872,04:46:33,87.71750473976135,74.3
873,04:46:33,87.81968593597412,74.3
874,04:46:33,87.92060279846191,74.3
875,04:46:33,88.0216269493103,74.3
876,04:46:33,88.1223030090332,74.3
877,04:46:34,88.22282314300537,74.3
878,04:46:34,88.32452344894409,74.3
879,04:46:34,88.42613172531128,74.3
880,04:46:34,88.52701139450073,74.3
881,04:46:34,88.62741589546204,74.3
882,04:46:34,88.72775387763977,74.3
883,04:46:34,88.8281455039978,74.3
884,04:46:34,88.92848443984985,74.3
885,04:46:34,89.02881073951721,74.3
886,04:46:34,89.12930107116699,74.3
887,04:46:35,89.2296712398529,74.3
888,04:46:35,89.32999873161316,74.3
889,04:46:35,89.44406270980835,74.3
890,04:46:35,89.54439926147461,74.3
891,04:46:35,89.6448106765747,74.3
892,04:46:35,89.74521565437317,74.3
893,04:46:35,89.84578132629395,74.3
894,04:46:35,89.94614243507385,74.3
895,04:46:35,90.0465157032013,74.3
896,04:46:35,90.14724135398865,74.3
897,04:46:36,90.24781823158264,74.3
898,04:46:36,90.34823346138,74.3
899,04:46:36,90.44895362854004,74.3
900,04:46:36,90.54956650733948,74.3
901,04:46:36,90.65007376670837,74.3
902,04:46:36,90.75056338310242,74.3
903,04:46:36,90.85197281837463,74.3
904,04:46:36,90.95240640640259,74.3
905,04:46:36,91.05282926559448,74.3
906,04:46:36,91.15332508087158,74.3
907,04:46:37,91.2539312839508,74.3
908,04:46:37,91.35449314117432,74.3
909,04:46:37,91.4548888206482,74.3
910,04:46:37,91.55534315109253,74.3
911,04:46:37,91.65582489967346,74.3
912,04:46:37,91.75631022453308,74.3
913,04:46:37,91.85676050186157,74.3
914,04:46:37,91.95725893974304,74.3
915,04:46:37,92.0578818321228,74.3
916,04:46:37,92.15905904769897,74.3
917,04:46:38,92.25981593132019,74.3
918,04:46:38,92.36031317710876,74.3
919,04:46:38,92.46146535873413,74.3
920,04:46:38,92.56180119514465,74.3
921,04:46:38,92.66212296485901,74.3
922,04:46:38,92.76337385177612,74.3
923,04:46:38,92.86396098136902,74.3
924,04:46:38,92.96437740325928,74.3
925,04:46:38,93.0648627281189,74.3
926,04:46:38,93.16535973548889,74.3
927,04:46:39,93.26585602760315,74.3
928,04:46:39,93.36635828018188,74.3
929,04:46:39,93.46680045127869,74.3
930,04:46:39,93.56752395629883,74.3
931,04:46:39,93.66800880432129,74.3
932,04:46:39,93.76846504211426,74.3
933,04:46:39,93.86917495727539,74.3
934,04:46:39,93.96978712081909,74.3
935,04:46:39,94.07027983665466,74.3
936,04:46:39,94.1707272529602,74.3
937,04:46:40,94.27148222923279,74.3
938,04:46:40,94.37200689315796,74.3
939,04:46:40,94.47246479988098,74.3
940,04:46:40,94.5729112625122,74.3
941,04:46:40,94.67377877235413,74.3
942,04:46:40,94.77411150932312,74.3
943,04:46:40,94.87441229820251,74.3
944,04:46:40,94.9747543334961,74.3
945,04:46:40,95.07513809204102,74.3
946,04:46:40,95.17544865608215,74.3
947,04:46:41,95.27580046653748,74.3
948,04:46:41,95.37612795829773,74.3
949,04:46:41,95.47648000717163,74.3
950,04:46:41,95.57685947418213,74.3
951,04:46:41,95.67715716362,74.3
952,04:46:41,95.77756834030151,74.3
953,04:46:41,95.87792134284973,74.3
954,04:46:41,95.97826504707336,74.3
955,04:46:41,96.07859492301941,74.3
956,04:46:41,96.1789379119873,74.3
957,04:46:42,96.27928018569946,74.3
958,04:46:42,96.3796079158783,74.3
959,04:46:42,96.47993612289429,74.3
960,04:46:42,96.58026170730591,74.3
961,04:46:42,96.68075013160706,74.3
962,04:46:42,96.78126573562622,74.3
963,04:46:42,96.88173151016235,74.3
964,04:46:42,96.98209309577942,74.3
965,04:46:42,97.08255386352539,74.3
966,04:46:42,97.18338942527771,74.3
967,04:46:43,97.28391718864441,74.3
968,04:46:43,97.38421630859375,74.3
969,04:46:43,97.48470640182495,74.3
970,04:46:43,97.58534669876099,74.3
971,04:46:43,97.68597459793091,74.3
972,04:46:43,97.78631377220154,74.3
973,04:46:43,97.88686394691467,74.3
974,04:46:43,97.98743343353271,74.3
975,04:46:43,98.08787727355957,74.3
976,04:46:43,98.18819189071655,74.3
977,04:46:44,98.28906512260437,74.3
978,04:46:44,98.38956832885742,74.3
979,04:46:44,98.4902229309082,74.3
980,04:46:44,98.59069633483887,74.3
981,04:46:44,98.69158458709717,74.3
982,04:46:44,98.79208779335022,74.3
983,04:46:44,98.89241552352905,74.3
984,04:46:44,98.99284720420837,74.3
985,04:46:44,99.09350395202637,74.3
986,04:46:44,99.1938989162445,74.3
987,04:46:45,99.29421973228455,74.3
988,04:46:45,99.39460682868958,74.3
989,04:46:45,99.49542784690857,74.3
990,04:46:45,99.59574341773987,74.3
991,04:46:45,99.69608688354492,74.3
992,04:46:45,99.79648947715759,74.3
993,04:46:45,99.89707040786743,74.3
994,04:46:45,99.99745488166809,74.3
995,04:46:45,100.0977737903595,74.3
996,04:46:45,100.19811844825745,74.3
997,04:46:46,100.29860234260559,74.3
998,04:46:46,100.39897131919861,74.3
999,04:46:46,100.49941802024841,74.3
1000,04:46:46,100.59996438026428,74.3
1001,04:46:46,100.7004017829895,74.3
1002,04:46:46,100.80071377754211,74.3
1003,04:46:46,100.90101909637451,74.3
1004,04:46:46,101.00141644477844,74.3
1005,04:46:46,101.10179257392883,74.3
1006,04:46:46,101.20217323303223,74.3
1007,04:46:47,101.30251932144165,74.3
1008,04:46:47,101.40285968780518,74.3
1009,04:46:47,101.503244638443,74.3
1010,04:46:47,101.60358428955078,74.3
1011,04:46:47,101.7039155960083,74.3
1012,04:46:47,101.80422568321228,74.3
1013,04:46:47,101.90458393096924,74.3
1014,04:46:47,102.00493836402893,74.3
1015,04:46:47,102.10528826713562,74.3
1016,04:46:48,102.20565414428711,74.3
1017,04:46:48,102.30599308013916,74.3
1018,04:46:48,102.40937805175781,74.3
1019,04:46:48,102.50972318649292,74.3
1020,04:46:48,102.61005210876465,74.3
1021,04:46:48,102.71044445037842,74.3
1022,04:46:48,102.8107738494873,74.3
1023,04:46:48,102.91128849983215,74.3
1024,04:46:48,103.01183319091797,74.3
1025,04:46:48,103.11212921142578,74.3
1026,04:46:49,103.21238684654236,74.3
1027,04:46:49,103.31268835067749,74.3
1028,04:46:49,103.41323518753052,74.3
1029,04:46:49,103.51353144645691,74.3
1030,04:46:49,103.61385250091553,74.3
1031,04:46:49,103.71415328979492,74.3
1032,04:46:49,103.81493186950684,74.3
1033,04:46:49,103.91539788246155,74.3
1034,04:46:49,104.015798330307,74.3
1035,04:46:49,104.11674857139587,74.3
1036,04:46:50,104.2174174785614,74.3
1037,04:46:50,104.31792140007019,74.3
1038,04:46:50,104.4182677268982,74.3
1039,04:46:50,104.51866626739502,74.3
1040,04:46:50,104.61967921257019,74.3
1041,04:46:50,104.72014260292053,74.3
1042,04:46:50,104.82051515579224,74.3
1043,04:46:50,104.92084074020386,74.3
1044,04:46:50,105.02157258987427,74.3
1045,04:46:50,105.12208938598633,74.3
1046,04:46:51,105.22246646881104,74.3
1047,04:46:51,105.32278776168823,74.3
1048,04:46:51,105.4236216545105,74.3
1049,04:46:51,105.52457809448242,74.3
1050,04:46:51,105.6252658367157,74.3
1051,04:46:51,105.72572159767151,74.3
1052,04:46:51,105.8262677192688,74.3
1053,04:46:51,105.92672538757324,74.3
1054,04:46:51,106.0270631313324,74.3
1055,04:46:51,106.1274926662445,74.3
1056,04:46:52,106.22883653640747,74.3
1057,04:46:52,106.32917594909668,74.3
1058,04:46:52,106.42955350875854,74.3
1059,04:46:52,106.52994585037231,74.3
1060,04:46:52,106.63043737411499,74.3
1061,04:46:52,106.73087239265442,74.3
1062,04:46:52,106.83122968673706,74.3
1063,04:46:52,106.93157005310059,74.3
1064,04:46:52,107.03195238113403,74.3
1065,04:46:52,107.13231182098389,74.3
1066,04:46:53,107.23270630836487,74.3
1067,04:46:53,107.33306622505188,74.3
1068,04:46:53,107.43341970443726,74.3
1069,04:46:53,107.5473039150238,74.3
1070,04:46:53,107.64791536331177,74.3
1071,04:46:53,107.74823594093323,74.3
1072,04:46:53,107.84867000579834,74.3
1073,04:46:53,107.9490339756012,74.3
1074,04:46:53,108.04945063591003,74.3
1075,04:46:53,108.14977145195007,74.3
1076,04:46:54,108.25011229515076,74.3
1077,04:46:54,108.35047268867493,74.3
1078,04:46:54,108.45129656791687,74.3
1079,04:46:54,108.55161714553833,74.3
1080,04:46:54,108.65198373794556,74.3
1081,04:46:54,108.75250959396362,74.3
1082,04:46:54,108.85345935821533,74.3
1083,04:46:54,108.9541642665863,74.3
1084,04:46:54,109.05470442771912,74.3
1085,04:46:54,109.15503525733948,74.3
1086,04:46:55,109.25550103187561,74.3
1087,04:46:55,109.35662651062012,74.3
1088,04:46:55,109.45765781402588,74.3
1089,04:46:55,109.55819153785706,74.3
1090,04:46:55,109.6585259437561,74.3
1091,04:46:55,109.75885891914368,74.3
1092,04:46:55,109.85995984077454,74.3
1093,04:46:55,109.96078062057495,74.3
1094,04:46:55,110.06175780296326,74.3
1095,04:46:55,110.16215348243713,74.3
1096,04:46:56,110.2625379562378,74.3
1097,04:46:56,110.36331129074097,74.3
1098,04:46:56,110.46369957923889,74.3
1099,04:46:56,110.56413507461548,74.3
1100,04:46:56,110.66455745697021,74.3
1101,04:46:56,110.76492094993591,74.3
1102,04:46:56,110.86529660224915,74.3
1103,04:46:56,110.96621346473694,74.3
1104,04:46:56,111.06724834442139,74.3
1105,04:46:56,111.16775441169739,74.3
1106,04:46:57,111.26808881759644,74.3
1107,04:46:57,111.36848258972168,74.3
1108,04:46:57,111.46926045417786,74.3
1109,04:46:57,111.5698561668396,74.3
1110,04:46:57,111.67040777206421,74.3
1111,04:46:57,111.77079200744629,74.3
1112,04:46:57,111.87129068374634,74.3
1113,04:46:57,111.97206544876099,74.3
1114,04:46:57,112.07272529602051,74.3
1115,04:46:57,112.17330765724182,74.3
1116,04:46:58,112.27373123168945,74.3
1117,04:46:58,112.3741409778595,74.3
1118,04:46:58,112.47497940063477,74.3
1119,04:46:58,112.57619881629944,74.3
1120,04:46:58,112.67667627334595,74.3
1121,04:46:58,112.77723717689514,74.3
1122,04:46:58,112.87762141227722,74.3
1123,04:46:58,112.97800540924072,74.3
1124,04:46:58,113.07830452919006,74.3
1125,04:46:58,113.17865061759949,74.3
1126,04:46:59,113.2789978981018,74.3
1127,04:46:59,113.37930607795715,74.3
1128,04:46:59,113.47977352142334,74.3
1129,04:46:59,113.58012270927429,74.3
1130,04:46:59,113.68044590950012,74.3
1131,04:46:59,113.78075385093689,74.3
1132,04:46:59,113.88108372688293,74.3
1133,04:46:59,113.98144102096558,74.3
1134,04:46:59,114.08229875564575,74.3
1135,04:46:59,114.18286395072937,74.3
1136,04:47:00,114.28351283073425,74.3
1137,04:47:00,114.38392567634583,74.3
1138,04:47:00,114.48425340652466,74.3
1139,04:47:00,114.5846598148346,74.3
1140,04:47:00,114.68538689613342,74.3
1141,04:47:00,114.78602385520935,74.3
1142,04:47:00,114.88646030426025,74.3
1143,04:47:00,114.98679637908936,74.3
1144,04:47:00,115.08745408058167,74.3
1145,04:47:00,115.18816447257996,74.3
1146,04:47:01,115.28874087333679,74.3
1147,04:47:01,115.38944387435913,74.3
1148,04:47:01,115.48980689048767,74.3
1149,04:47:01,115.59015583992004,74.3
1150,04:47:01,115.69085574150085,74.3
1151,04:47:01,115.79126238822937,74.3
1152,04:47:01,115.89168810844421,74.3
1153,04:47:01,115.99214792251587,74.3
1154,04:47:01,116.09251713752747,74.3
1155,04:47:01,116.1933343410492,74.3
1156,04:47:02,116.29398822784424,74.3
1157,04:47:02,116.39456725120544,74.3
1158,04:47:02,116.49502730369568,74.3
1159,04:47:02,116.59540510177612,74.3
1160,04:47:02,116.69592046737671,74.3
1161,04:47:02,116.79653596878052,74.3
1162,04:47:02,116.89711213111877,74.3
1163,04:47:02,116.99749326705933,74.3
1164,04:47:02,117.09796905517578,74.3
1165,04:47:02,117.19857382774353,74.3
1166,04:47:03,117.29936051368713,74.3
1167,04:47:03,117.39990830421448,74.3
1168,04:47:03,117.50039577484131,74.3
1169,04:47:03,117.60077095031738,74.3
1170,04:47:03,117.70135498046875,74.3
1171,04:47:03,117.80211853981018,74.3
1172,04:47:03,117.90252327919006,74.3
1173,04:47:03,118.00291633605957,74.3
1174,04:47:03,118.10333013534546,74.3
1175,04:47:04,118.20377230644226,74.3
1176,04:47:04,118.30486273765564,74.3
1177,04:47:04,118.40538144111633,74.3
1178,04:47:04,118.50574684143066,74.3
1179,04:47:04,118.60621380805969,74.3
1180,04:47:04,118.70671510696411,74.3
1181,04:47:04,118.80722284317017,74.3
1182,04:47:04,118.90770816802979,74.3
1183,04:47:04,119.0080738067627,74.3
1184,04:47:04,119.1083664894104,74.3
1185,04:47:05,119.20951461791992,74.3
1186,04:47:05,119.30986642837524,74.3
1187,04:47:05,119.41022038459778,74.3
1188,04:47:05,119.51061081886292,74.3
1189,04:47:05,119.61098408699036,74.3
1190,04:47:05,119.71146297454834,74.3
1191,04:47:05,119.8151183128357,74.3
1192,04:47:05,119.91614413261414,74.3
1193,04:47:05,120.01661992073059,74.3
1194,04:47:05,120.11699295043945,74.3
1195,04:47:06,120.21736097335815,74.3
1196,04:47:06,120.3179144859314,74.3
1197,04:47:06,120.4182710647583,74.3
1198,04:47:06,120.51863861083984,74.3
1199,04:47:06,120.6199083328247,74.3
1200,04:47:06,120.72358655929565,74.3
1201,04:47:06,120.8239073753357,74.3
1202,04:47:06,120.92423462867737,74.3
1203,04:47:06,121.02464938163757,74.3
1204,04:47:06,121.12526845932007,74.3
1205,04:47:07,121.2256908416748,74.3
1206,04:47:07,121.32600474357605,74.3
1207,04:47:07,121.42655372619629,74.3
1208,04:47:07,121.5272912979126,74.3
1209,04:47:07,121.62780785560608,74.3
1210,04:47:07,121.72812557220459,74.3
1211,04:47:07,121.82867479324341,74.3
1212,04:47:07,121.92912411689758,74.3
1213,04:47:07,122.02958035469055,74.3
1214,04:47:07,122.12989854812622,74.3
1215,04:47:08,122.2305657863617,74.3
1216,04:47:08,122.33100891113281,74.3
1217,04:47:08,122.43138074874878,74.3
1218,04:47:08,122.5318512916565,74.3
1219,04:47:08,122.63235545158386,74.3
1220,04:47:08,122.73277640342712,74.3
1221,04:47:08,122.83310556411743,74.3
1222,04:47:08,122.93347239494324,74.3
1223,04:47:08,123.03406691551208,74.3
1224,04:47:08,123.13456058502197,74.3
1225,04:47:09,123.2348849773407,74.3
1226,04:47:09,123.33531498908997,74.3
1227,04:47:09,123.43596005439758,74.3
1228,04:47:09,123.5364339351654,74.3
1229,04:47:09,123.63679909706116,74.3
1230,04:47:09,123.73743510246277,74.3
1231,04:47:09,123.83793640136719,74.3
1232,04:47:09,123.93840980529785,74.3
1233,04:47:09,124.03878664970398,74.3
1234,04:47:09,124.13950419425964,74.3
1235,04:47:10,124.24001717567444,74.3
1236,04:47:10,124.34043169021606,74.3
1237,04:47:10,124.44093322753906,74.3
1238,04:47:10,124.5419270992279,74.3
1239,04:47:10,124.64243602752686,74.3
1240,04:47:10,124.74281454086304,74.3
1241,04:47:10,124.8432981967926,74.3
1242,04:47:10,124.9437084197998,74.3
1243,04:47:10,125.04413914680481,74.3
1244,04:47:10,125.14450192451477,74.3
1245,04:47:11,125.24487829208374,74.3
1246,04:47:11,125.34539985656738,74.3
1247,04:47:11,125.44580817222595,74.3
1248,04:47:11,125.54615449905396,74.3
1249,04:47:11,125.64650273323059,74.3
1250,04:47:11,125.74686026573181,74.3
1251,04:47:11,125.84781002998352,74.3
1252,04:47:11,125.94850587844849,74.3
1253,04:47:11,126.0490550994873,74.3
1254,04:47:11,126.14946913719177,74.3
1255,04:47:12,126.24982237815857,74.3
1256,04:47:12,126.35016822814941,74.3
1257,04:47:12,126.45060563087463,74.3
1258,04:47:12,126.55098724365234,74.3
1259,04:47:12,126.65124177932739,74.3
1260,04:47:12,126.7515594959259,74.3
1261,04:47:12,126.85188460350037,74.3
1262,04:47:12,126.9523618221283,74.3
1263,04:47:12,127.05315041542053,74.3
1264,04:47:12,127.15364146232605,74.3
1265,04:47:13,127.25401163101196,74.3
1266,04:47:13,127.35453796386719,74.3
1267,04:47:13,127.45524430274963,74.3
1268,04:47:13,127.55566620826721,74.3
1269,04:47:13,127.65608596801758,74.3
1270,04:47:13,127.75659942626953,74.3
1271,04:47:13,127.85724401473999,74.3
1272,04:47:13,127.95774435997009,74.3
1273,04:47:13,128.0581829547882,74.3
1274,04:47:13,128.15989685058594,74.3
1275,04:47:14,128.2606327533722,74.3
1276,04:47:14,128.36112451553345,74.3
1277,04:47:14,128.4615240097046,74.3
1278,04:47:14,128.56231784820557,74.3
1279,04:47:14,128.66276836395264,74.3
1280,04:47:14,128.76314997673035,74.3
1281,04:47:14,128.8634967803955,74.3
1282,04:47:14,128.96398639678955,74.3
1283,04:47:14,129.06448030471802,74.3
1284,04:47:14,129.16489505767822,74.3
1285,04:47:15,129.2657675743103,74.3
1286,04:47:15,129.36627221107483,74.3
1287,04:47:15,129.46784472465515,74.3
1288,04:47:15,129.56832718849182,74.3
1289,04:47:15,129.66937160491943,74.3
1290,04:47:15,129.7699830532074,74.3
1291,04:47:15,129.8703534603119,74.3
1292,04:47:15,129.97092151641846,74.3
1293,04:47:15,130.07134699821472,74.3
1294,04:47:15,130.171884059906,74.3
1295,04:47:16,130.2723114490509,74.3
1296,04:47:16,130.37274599075317,74.3
1297,04:47:16,130.47443771362305,74.3
1298,04:47:16,130.57628965377808,74.3
1299,04:47:16,130.67673707008362,74.3
1300,04:47:16,130.77723240852356,74.3
1301,04:47:16,130.8777253627777,74.3
1302,04:47:16,130.97807669639587,74.3
1303,04:47:16,131.07856440544128,74.3
1304,04:47:16,131.1793715953827,74.3
1305,04:47:17,131.27967166900635,74.3
1306,04:47:17,131.3799831867218,74.3
1307,04:47:17,131.48033714294434,74.3
1308,04:47:17,131.58066821098328,74.3
1309,04:47:17,131.6810266971588,74.3
1310,04:47:17,131.781352519989,74.3
1311,04:47:17,131.88170719146729,74.3
1312,04:47:17,131.9820327758789,74.3
1313,04:47:17,132.08237266540527,74.3
1314,04:47:17,132.1827266216278,74.3
1315,04:47:18,132.28336668014526,74.3
1316,04:47:18,132.38890838623047,74.3
1317,04:47:18,132.4892864227295,74.3
1318,04:47:18,132.58966207504272,74.3
1319,04:47:18,132.68998670578003,74.3
1320,04:47:18,132.79502272605896,74.3
1321,04:47:18,132.89531803131104,74.3
1322,04:47:18,132.9957730770111,74.3
1323,04:47:18,133.09609651565552,74.3
1324,04:47:18,133.1964452266693,74.3
1325,04:47:19,133.29677176475525,74.3
1326,04:47:19,133.39711356163025,74.3
1327,04:47:19,133.49747467041016,74.3
1328,04:47:19,133.59784126281738,74.3
1329,04:47:19,133.69832348823547,74.3
1330,04:47:19,133.79871678352356,74.3
1331,04:47:19,133.8995063304901,74.3
1332,04:47:19,134.00009608268738,74.3
1333,04:47:19,134.10045289993286,74.3
1334,04:47:19,134.20090317726135,74.3
1335,04:47:20,134.30164504051208,74.3
1336,04:47:20,134.40206170082092,74.3
1337,04:47:20,134.50243639945984,74.3
1338,04:47:20,134.60289239883423,74.3
1339,04:47:20,134.7034146785736,74.3
1340,04:47:20,134.80377674102783,74.3
1341,04:47:20,134.9041473865509,74.3
1342,04:47:20,135.00463342666626,74.3
1343,04:47:20,135.10517525672913,74.3
1344,04:47:21,135.2056872844696,74.3
1345,04:47:21,135.30606746673584,74.3
1346,04:47:21,135.40672731399536,74.3
1347,04:47:21,135.5073573589325,74.3
1348,04:47:21,135.60783743858337,74.3
1349,04:47:21,135.7081708908081,74.3
1350,04:47:21,135.80889105796814,74.3
1351,04:47:21,135.90947151184082,74.3
1352,04:47:21,136.00987195968628,74.3
1353,04:47:21,136.11036443710327,74.3
1354,04:47:22,136.21086287498474,74.3
1355,04:47:22,136.31257224082947,74.3
1356,04:47:22,136.41299176216125,74.3
1357,04:47:22,136.51336312294006,74.3
1358,04:47:22,136.61389875411987,74.3
1359,04:47:22,136.7142333984375,74.3
1360,04:47:22,136.81454968452454,74.3
1361,04:47:22,136.9150116443634,74.3
1362,04:47:22,137.01572489738464,74.3
1363,04:47:22,137.1161503791809,74.3
1364,04:47:23,137.2164900302887,74.3
1365,04:47:23,137.31685400009155,74.3
1366,04:47:23,137.41721963882446,74.3
1367,04:47:23,137.51757073402405,74.3
1368,04:47:23,137.61790776252747,74.3
1369,04:47:23,137.7182493209839,74.3
1370,04:47:23,137.81866145133972,74.3
1371,04:47:23,137.91902613639832,74.3
1372,04:47:23,138.0193111896515,74.3
1373,04:47:23,138.1196448802948,74.3
1374,04:47:24,138.21994256973267,74.3
1375,04:47:24,138.32031536102295,74.3
1376,04:47:24,138.42078518867493,74.3
1377,04:47:24,138.5211501121521,74.3
1378,04:47:24,138.6216790676117,74.3
1379,04:47:24,138.7222204208374,74.3
1380,04:47:24,138.82265949249268,74.3
1381,04:47:24,138.92310523986816,74.3
1382,04:47:24,139.0234715938568,74.3
1383,04:47:24,139.1240005493164,74.3
1384,04:47:25,139.22463631629944,74.3
1385,04:47:25,139.32508277893066,74.3
1386,04:47:25,139.42561602592468,74.3
1387,04:47:25,139.52608156204224,74.3
1388,04:47:25,139.6265103816986,74.3
1389,04:47:25,139.7268750667572,74.3
1390,04:47:25,139.8272271156311,74.3
1391,04:47:25,139.9276795387268,74.3
1392,04:47:25,140.02824115753174,74.3
1393,04:47:25,140.12864470481873,74.3
1394,04:47:26,140.2289638519287,74.3
1395,04:47:26,140.32977151870728,74.3
1396,04:47:26,140.43028092384338,74.3
1397,04:47:26,140.5306453704834,74.3
1398,04:47:26,140.63103938102722,74.3
1399,04:47:26,140.73157906532288,74.3
1400,04:47:26,140.83208918571472,74.3
1401,04:47:26,140.9324245452881,74.3
1402,04:47:26,141.0328676700592,74.3
1403,04:47:26,141.13345336914062,74.3
1404,04:47:27,141.23389172554016,74.3
1405,04:47:27,141.33429789543152,74.3
1406,04:47:27,141.43477821350098,74.3
1407,04:47:27,141.5368995666504,74.3
1408,04:47:27,141.63737750053406,74.3
1409,04:47:27,141.7377908229828,74.3
1410,04:47:27,141.83852458000183,74.3
1411,04:47:27,141.93889904022217,74.3
1412,04:47:27,142.0392758846283,74.3
1413,04:47:27,142.13972210884094,74.3
1414,04:47:28,142.2402651309967,74.3
1415,04:47:28,142.34069633483887,74.3
1416,04:47:28,142.44112277030945,74.3
1417,04:47:28,142.54149460792542,74.3
1418,04:47:28,142.64207935333252,74.3
1419,04:47:28,142.74246859550476,74.3
1420,04:47:28,142.84282660484314,74.3
1421,04:47:28,142.94336462020874,74.3
1422,04:47:28,143.04391312599182,74.3
1423,04:47:28,143.14429354667664,74.3
1424,04:47:29,143.24463057518005,74.3
1425,04:47:29,143.34562063217163,74.3
1426,04:47:29,143.44592475891113,74.3
1427,04:47:29,143.54722714424133,74.3
1428,04:47:29,143.64757561683655,74.3
1429,04:47:29,143.74792098999023,74.3
1430,04:47:29,143.8482518196106,74.3
1431,04:47:29,143.94856238365173,74.3
1432,04:47:29,144.04891538619995,74.3
1433,04:47:29,144.1492600440979,74.3
1434,04:47:30,144.249614238739,74.3
1435,04:47:30,144.3500623703003,74.3
1436,04:47:30,144.45104002952576,74.3
1437,04:47:30,144.551331281662,74.3
1438,04:47:30,144.6517059803009,74.3
1439,04:47:30,144.7520468235016,74.3
1440,04:47:30,144.85241770744324,74.3
1441,04:47:30,144.95278930664062,74.3
1442,04:47:30,145.05319833755493,74.3
1443,04:47:30,145.15356612205505,74.3
1444,04:47:31,145.2539451122284,74.3
1445,04:47:31,145.35436272621155,74.3
1446,04:47:31,145.45544266700745,74.3
1447,04:47:31,145.555837392807,74.3
1448,04:47:31,145.65625882148743,74.3
1449,04:47:31,145.75659465789795,74.3
1450,04:47:31,145.85747718811035,74.3
1451,04:47:31,145.9579770565033,74.3
1452,04:47:31,146.0584213733673,74.3
1453,04:47:31,146.15889191627502,74.3
1454,04:47:32,146.25940489768982,74.3
1455,04:47:32,146.36000895500183,74.3
1456,04:47:32,146.46041011810303,74.3
1457,04:47:32,146.5607979297638,74.3
1458,04:47:32,146.6614761352539,74.3
1459,04:47:32,146.76207613945007,74.3
1460,04:47:32,146.86246180534363,74.3
1461,04:47:32,146.96284317970276,74.3
1462,04:47:32,147.06366157531738,74.3
1463,04:47:32,147.16400384902954,74.3
1464,04:47:33,147.26452827453613,74.3
1465,04:47:33,147.3649866580963,74.3
1466,04:47:33,147.46552300453186,74.3
1467,04:47:33,147.56599926948547,74.3
1468,04:47:33,147.6663463115692,74.3
1469,04:47:33,147.76669049263,74.3
1470,04:47:33,147.86728978157043,74.3
1471,04:47:33,147.96766877174377,74.3
1472,04:47:33,148.0680913925171,74.3
1473,04:47:33,148.16841864585876,74.3
1474,04:47:34,148.26892733573914,74.3
1475,04:47:34,148.36969590187073,74.3
1476,04:47:34,148.4702332019806,74.3
1477,04:47:34,148.57064080238342,74.3
1478,04:47:34,148.67117190361023,74.3
1479,04:47:34,148.77161073684692,74.3
1480,04:47:34,148.87211179733276,74.3
1481,04:47:34,148.97243189811707,74.3
1482,04:47:34,149.07298469543457,74.3
1483,04:47:34,149.17373514175415,74.3
1484,04:47:35,149.27417397499084,74.3
1485,04:47:35,149.3744921684265,74.3
1486,04:47:35,149.47492504119873,74.3
1487,04:47:35,149.57527041435242,74.3
1488,04:47:35,149.6756238937378,74.3
1489,04:47:35,149.77596783638,74.3
1490,04:47:35,149.87628507614136,74.3
1491,04:47:35,149.97664213180542,74.3
1492,04:47:35,150.07718467712402,74.3
1493,04:47:35,150.1775312423706,74.3
1494,04:47:36,150.2778651714325,74.3
1495,04:47:36,150.378182888031,74.3
1496,04:47:36,150.4785511493683,74.3
1497,04:47:36,150.57892775535583,74.3
1498,04:47:36,150.67927050590515,74.3
1499,04:47:36,150.7796711921692,74.3
1500,04:47:36,150.88003039360046,74.3
1501,04:47:36,150.98038411140442,74.3
1502,04:47:36,151.0807399749756,74.3
1503,04:47:36,151.1810691356659,74.3
1504,04:47:37,151.28143620491028,74.3
1505,04:47:37,151.38181853294373,74.3
1506,04:47:37,151.48226046562195,74.3
1507,04:47:37,151.5829017162323,74.3
1508,04:47:37,151.6834273338318,74.3
1509,04:47:37,151.78383588790894,74.3
1510,04:47:37,151.88416457176208,74.3
1511,04:47:37,151.98475575447083,74.3
1512,04:47:37,152.08524298667908,74.3
1513,04:47:37,152.1856608390808,74.3
1514,04:47:38,152.28604388237,74.3
1515,04:47:38,152.3864462375641,74.3
1516,04:47:38,152.4868631362915,74.3
1517,04:47:38,152.58733749389648,74.3
1518,04:47:38,152.68770241737366,74.3
1519,04:47:38,152.78825736045837,74.3
1520,04:47:38,152.88872933387756,74.3
1521,04:47:38,152.98906111717224,74.3
1522,04:47:38,153.0897560119629,74.3
1523,04:47:38,153.19067883491516,74.3
1524,04:47:39,153.29122948646545,74.3
1525,04:47:39,153.39159965515137,74.3
1526,04:47:39,153.49247241020203,74.3
1527,04:47:39,153.59293174743652,74.3
1528,04:47:39,153.6933753490448,74.3
1529,04:47:39,153.79379725456238,74.3
1530,04:47:39,153.89412927627563,74.3
1531,04:47:39,153.99455618858337,74.3
1532,04:47:39,154.09493684768677,74.3
1533,04:47:39,154.1953001022339,74.3
1534,04:47:40,154.29626989364624,74.3
1535,04:47:40,154.39658975601196,74.3
1536,04:47:40,154.49690985679626,74.3
1537,04:47:40,154.5972454547882,74.3
1538,04:47:40,154.6979682445526,74.3
1539,04:47:40,154.79837441444397,74.3
1540,04:47:40,154.89880847930908,74.3
1541,04:47:40,154.99954319000244,74.3
1542,04:47:40,155.1000692844391,74.3
1543,04:47:40,155.20047163963318,74.3
1544,04:47:41,155.30085229873657,74.3
1545,04:47:41,155.401193857193,74.3
1546,04:47:41,155.5019359588623,74.3
1547,04:47:41,155.60226440429688,74.3
1548,04:47:41,155.70256328582764,74.3
1549,04:47:41,155.8029270172119,74.3
1550,04:47:41,155.90329098701477,74.3
1551,04:47:41,156.00362277030945,74.3
1552,04:47:41,156.10394978523254,74.3
1553,04:47:42,156.20431542396545,74.3
1554,04:47:42,156.30464339256287,74.3
1555,04:47:42,156.40503072738647,74.3
1556,04:47:42,156.50538754463196,74.3
1557,04:47:42,156.606440782547,74.3
1558,04:47:42,156.7067687511444,74.3
1559,04:47:42,156.8071994781494,74.3
1560,04:47:42,156.90757870674133,74.3
1561,04:47:42,157.00793051719666,74.3
1562,04:47:42,157.10826992988586,74.3
1563,04:47:43,157.2086124420166,74.3
1564,04:47:43,157.3089680671692,74.3
1565,04:47:43,157.40932416915894,74.3
1566,04:47:43,157.51079773902893,74.3
1567,04:47:43,157.61124968528748,74.3
1568,04:47:43,157.71156454086304,74.3
1569,04:47:43,157.81196069717407,74.3
1570,04:47:43,157.91235542297363,74.3
1571,04:47:43,158.0127878189087,74.3
1572,04:47:43,158.1131672859192,74.3
1573,04:47:44,158.21354484558105,74.3
1574,04:47:44,158.3139133453369,74.3
1575,04:47:44,158.41450762748718,74.3
1576,04:47:44,158.51483345031738,74.3
1577,04:47:44,158.61521244049072,74.3
1578,04:47:44,158.71559762954712,74.3
1579,04:47:44,158.8161792755127,74.3
1580,04:47:44,158.91653633117676,74.3
1581,04:47:44,159.01687455177307,74.3
1582,04:47:44,159.1172058582306,74.3
1583,04:47:45,159.21802043914795,74.3
1584,04:47:45,159.31840467453003,74.3
1585,04:47:45,159.41879844665527,74.3
1586,04:47:45,159.51924991607666,74.3
1587,04:47:45,159.61973929405212,74.3
1588,04:47:45,159.72016549110413,74.3
1589,04:47:45,159.82048988342285,74.3
1590,04:47:45,159.92091464996338,74.3
1591,04:47:45,160.0212857723236,74.3
1592,04:47:45,160.12164688110352,74.3
1593,04:47:46,160.22203993797302,74.3
1594,04:47:46,160.32244753837585,74.3
1595,04:47:46,160.42290210723877,74.3
1596,04:47:46,160.52325701713562,74.3
1597,04:47:46,160.62357878684998,74.3
1598,04:47:46,160.72399139404297,74.3
1599,04:47:46,160.8243124485016,74.3
1600,04:47:46,160.924791097641,74.3
1601,04:47:46,161.02521777153015,74.3
1602,04:47:46,161.12558722496033,74.3
1603,04:47:47,161.2259373664856,74.3
1604,04:47:47,161.3264389038086,74.3
1605,04:47:47,161.42689061164856,74.3
1606,04:47:47,161.52756094932556,74.3
1607,04:47:47,161.62784695625305,74.3
1608,04:47:47,161.72817850112915,74.3
1609,04:47:47,161.82851696014404,74.3
1610,04:47:47,161.9353153705597,74.3
1611,04:47:47,162.03564262390137,74.3
1612,04:47:47,162.13597202301025,74.3
1613,04:47:48,162.2363097667694,74.3
1614,04:47:48,162.3366801738739,74.3
1615,04:47:48,162.43702673912048,74.3
1616,04:47:48,162.53737258911133,74.3
1617,04:47:48,162.63765692710876,74.3
1618,04:47:48,162.73798775672913,74.3
1619,04:47:48,162.83839654922485,74.3
1620,04:47:48,162.9387447834015,74.3
1621,04:47:48,163.03921055793762,74.3
1622,04:47:48,163.1395606994629,74.3
1623,04:47:49,163.2398920059204,74.3
1624,04:47:49,163.34030628204346,74.3
1625,04:47:49,163.4405734539032,74.3
1626,04:47:49,163.54087352752686,74.3
1627,04:47:49,163.64120745658875,74.3
1628,04:47:49,163.7415156364441,74.3
1629,04:47:49,163.84184217453003,74.3
1630,04:47:49,163.94218611717224,74.3
1631,04:47:49,164.04259729385376,74.3
1632,04:47:49,164.14305305480957,74.3
1633,04:47:50,164.2434012889862,74.3
1634,04:47:50,164.3437180519104,74.3
1635,04:47:50,164.4441215991974,74.3
1636,04:47:50,164.54440808296204,74.3
1637,04:47:50,164.64467024803162,74.3
1638,04:47:50,164.74497652053833,74.3
1639,04:47:50,164.84532642364502,74.3
1640,04:47:50,164.945627450943,74.3
1641,04:47:50,165.0459804534912,74.3
1642,04:47:50,165.14630651474,74.3
1643,04:47:51,165.2467122077942,74.3
1644,04:47:51,165.34704160690308,74.3
1645,04:47:51,165.447270154953,74.3
1646,04:47:51,165.54760694503784,74.3
1647,04:47:51,165.64800262451172,74.3
1648,04:47:51,165.7483229637146,74.3
1649,04:47:51,165.8486008644104,74.3
1650,04:47:51,165.94890546798706,74.3
1651,04:47:51,166.04926443099976,74.3
1652,04:47:51,166.1495931148529,74.3
1653,04:47:52,166.2499132156372,74.3
1654,04:47:52,166.35024523735046,74.3
1655,04:47:52,166.4507303237915,74.3
1656,04:47:52,166.55118250846863,74.3
1657,04:47:52,166.65148305892944,74.3
1658,04:47:52,166.75185251235962,74.3
1659,04:47:52,166.85261964797974,74.3
1660,04:47:52,166.95297408103943,74.3
1661,04:47:52,167.05340671539307,74.3
1662,04:47:52,167.15369272232056,74.3
1663,04:47:53,167.25484490394592,74.3
1664,04:47:53,167.35530495643616,74.3
1665,04:47:53,167.45567154884338,74.3
1666,04:47:53,167.55604076385498,74.3
1667,04:47:53,167.65659379959106,74.3
1668,04:47:53,167.75696349143982,74.3
1669,04:47:53,167.85731077194214,74.3
1670,04:47:53,167.95766830444336,74.3
1671,04:47:53,168.0580244064331,74.3
1672,04:47:53,168.1583535671234,74.3
1673,04:47:54,168.25890612602234,74.3
1674,04:47:54,168.35933232307434,74.3
1675,04:47:54,168.4801938533783,74.3
1676,04:47:54,168.5806806087494,74.3
1677,04:47:54,168.68094897270203,74.3
1678,04:47:54,168.78127884864807,74.3
1679,04:47:54,168.8859260082245,74.3
1680,04:47:54,168.986319065094,74.3
1681,04:47:54,169.08667707443237,74.3
1682,04:47:54,169.1870265007019,74.3
1683,04:47:55,169.28734874725342,74.3
1684,04:47:55,169.3877396583557,74.3
1685,04:47:55,169.48806142807007,74.3
1686,04:47:55,169.58845615386963,74.3
1687,04:47:55,169.68883538246155,74.3
1688,04:47:55,169.7893261909485,74.3
1689,04:47:55,169.89019012451172,74.3
1690,04:47:55,169.9909987449646,74.3
1691,04:47:55,170.09163546562195,74.3
1692,04:47:55,170.1921157836914,74.3
1693,04:47:56,170.2925124168396,74.3
1694,04:47:56,170.39308953285217,74.3
1695,04:47:56,170.4942216873169,74.3
1696,04:47:56,170.59468364715576,74.3
