timeProcessed,filename,score
firstIgnore,12310-12-2022_03:29:41,./image/10-12-2022_03:29:40.png,0.5647944808006287
10-12-2022_03:35:34,./image/10-12-2022_03:35:33.png,0.7685452103614807
10-12-2022_03:35:36,./image/10-12-2022_03:35:35.png,0.5608383417129517
10-12-2022_03:35:37,./image/10-12-2022_03:35:37.png,0.6778521239757538
10-12-2022_03:35:40,./image/10-12-2022_03:35:40.png,0.8249096274375916
10-12-2022_03:35:43,./image/10-12-2022_03:35:43.png,0.8119118213653564
10-12-2022_03:35:46,./image/10-12-2022_03:35:46.png,0.798312783241272
10-12-2022_03:35:49,./image/10-12-2022_03:35:49.png,0.7596765160560608
10-12-2022_03:35:53,./image/10-12-2022_03:35:52.png,0.7916713953018188
10-12-2022_03:35:56,./image/10-12-2022_03:35:56.png,0.7860158681869507
10-12-2022_03:35:59,./image/10-12-2022_03:35:59.png,0.7578112483024597
10-12-2022_03:36:02,./image/10-12-2022_03:36:02.png,0.7499456405639648
10-12-2022_03:36:05,./image/10-12-2022_03:36:05.png,0.795335590839386
10-12-2022_03:36:09,./image/10-12-2022_03:36:08.png,0.6292750537395477
10-12-2022_03:36:12,./image/10-12-2022_03:36:12.png,0.7830540537834167
10-12-2022_03:36:15,./image/10-12-2022_03:36:15.png,0.5484284609556198
10-12-2022_03:36:18,./image/10-12-2022_03:36:18.png,0.6042352914810181
10-12-2022_03:36:22,./image/10-12-2022_03:36:22.png,0
10-12-2022_03:36:27,./image/10-12-2022_03:36:27.png,0.481730192899704
10-12-2022_03:36:31,./image/10-12-2022_03:36:31.png,0
10-12-2022_03:36:35,./image/10-12-2022_03:36:35.png,0
10-12-2022_03:36:39,./image/10-12-2022_03:36:39.png,0.47328677773475647
10-12-2022_03:36:44,./image/10-12-2022_03:36:44.png,0
10-12-2022_03:37:14,./image/10-12-2022_03:37:14.png,0.630380779504776
10-12-2022_03:37:16,./image/10-12-2022_03:37:16.png,0.5975985378026962
10-12-2022_03:37:18,./image/10-12-2022_03:37:18.png,0.6512235999107361
10-12-2022_03:37:21,./image/10-12-2022_03:37:21.png,0.575031598409017
10-12-2022_03:37:24,./image/10-12-2022_03:37:24.png,0.5608150760332743
10-12-2022_03:37:28,./image/10-12-2022_03:37:27.png,0.5745724737644196
10-12-2022_03:37:31,./image/10-12-2022_03:37:31.png,0.6138860136270523
10-12-2022_03:37:34,./image/10-12-2022_03:37:34.png,0.7713293433189392
10-12-2022_03:37:37,./image/10-12-2022_03:37:37.png,0.5553610324859619
10-12-2022_03:37:40,./image/10-12-2022_03:37:40.png,0.8450057804584503
10-12-2022_03:37:43,./image/10-12-2022_03:37:43.png,0.734929621219635
10-12-2022_03:37:47,./image/10-12-2022_03:37:46.png,0.5978971719741821
10-12-2022_03:37:50,./image/10-12-2022_03:37:50.png,0.8197653492291769
10-12-2022_03:37:53,./image/10-12-2022_03:37:53.png,0.7727279424667358
10-12-2022_03:37:56,./image/10-12-2022_03:37:56.png,0.8144195377826691
10-12-2022_03:38:01,./image/10-12-2022_03:38:01.png,0.6922299861907959
10-12-2022_03:38:07,./image/10-12-2022_03:38:07.png,0
10-12-2022_03:38:12,./image/10-12-2022_03:38:12.png,0
10-12-2022_03:38:17,./image/10-12-2022_03:38:17.png,0
10-12-2022_03:38:23,./image/10-12-2022_03:38:22.png,0
10-12-2022_03:38:28,./image/10-12-2022_03:38:28.png,0
10-12-2022_03:38:33,./image/10-12-2022_03:38:33.png,0
10-12-2022_03:38:38,./image/10-12-2022_03:38:38.png,0
10-12-2022_03:38:44,./image/10-12-2022_03:38:43.png,0
10-12-2022_03:38:49,./image/10-12-2022_03:38:49.png,0
10-12-2022_03:38:54,./image/10-12-2022_03:38:54.png,0
10-12-2022_03:39:00,./image/10-12-2022_03:38:59.png,0
10-12-2022_03:39:05,./image/10-12-2022_03:39:05.png,0
10-12-2022_03:39:10,./image/10-12-2022_03:39:10.png,0
10-12-2022_03:39:15,./image/10-12-2022_03:39:15.png,0
10-12-2022_03:39:21,./image/10-12-2022_03:39:21.png,0
10-12-2022_03:39:23,./image/10-12-2022_03:39:23.png,0
10-12-2022_03:39:25,./image/10-12-2022_03:39:25.png,0
10-12-2022_03:39:27,./image/10-12-2022_03:39:27.png,0
10-12-2022_03:39:29,./image/10-12-2022_03:39:29.png,0
10-12-2022_03:39:31,./image/10-12-2022_03:39:31.png,0
10-12-2022_03:39:34,./image/10-12-2022_03:39:33.png,0
10-12-2022_03:39:38,./image/10-12-2022_03:39:38.png,0
10-12-2022_03:39:42,./image/10-12-2022_03:39:42.png,0
10-12-2022_03:39:46,./image/10-12-2022_03:39:46.png,0
10-12-2022_03:39:51,./image/10-12-2022_03:39:50.png,0
10-12-2022_03:39:55,./image/10-12-2022_03:39:55.png,0
10-12-2022_03:39:58,./image/10-12-2022_03:39:58.png,0
10-12-2022_03:40:01,./image/10-12-2022_03:40:01.png,0
10-12-2022_03:40:04,./image/10-12-2022_03:40:04.png,0
10-12-2022_03:40:07,./image/10-12-2022_03:40:07.png,0
10-12-2022_03:40:11,./image/10-12-2022_03:40:10.png,0
10-12-2022_03:40:14,./image/10-12-2022_03:40:14.png,0
10-12-2022_03:40:17,./image/10-12-2022_03:40:17.png,0
10-12-2022_03:40:20,./image/10-12-2022_03:40:20.png,0
10-12-2022_03:40:23,./image/10-12-2022_03:40:23.png,0
10-12-2022_03:40:27,./image/10-12-2022_03:40:26.png,0
10-12-2022_03:40:30,./image/10-12-2022_03:40:30.png,0
10-12-2022_03:40:33,./image/10-12-2022_03:40:33.png,0
10-12-2022_03:40:36,./image/10-12-2022_03:40:36.png,0
10-12-2022_03:40:39,./image/10-12-2022_03:40:39.png,0
10-12-2022_03:40:42,./image/10-12-2022_03:40:42.png,0
10-12-2022_03:40:46,./image/10-12-2022_03:40:45.png,0
10-12-2022_03:40:49,./image/10-12-2022_03:40:49.png,0
10-12-2022_03:40:52,./image/10-12-2022_03:40:52.png,0
10-12-2022_03:40:55,./image/10-12-2022_03:40:55.png,0
10-12-2022_03:40:58,./image/10-12-2022_03:40:58.png,0
10-12-2022_03:41:01,./image/10-12-2022_03:41:01.png,0
10-12-2022_03:41:05,./image/10-12-2022_03:41:04.png,0
10-12-2022_03:41:08,./image/10-12-2022_03:41:08.png,0
10-12-2022_03:41:11,./image/10-12-2022_03:41:11.png,0
10-12-2022_03:41:14,./image/10-12-2022_03:41:14.png,0
10-12-2022_03:41:17,./image/10-12-2022_03:41:17.png,0
10-12-2022_03:41:20,./image/10-12-2022_03:41:20.png,0
10-12-2022_03:41:24,./image/10-12-2022_03:41:23.png,0
10-12-2022_03:41:27,./image/10-12-2022_03:41:27.png,0
10-12-2022_03:41:30,./image/10-12-2022_03:41:30.png,0
10-12-2022_03:41:33,./image/10-12-2022_03:41:33.png,0
10-12-2022_03:41:36,./image/10-12-2022_03:41:36.png,0
10-12-2022_03:41:42,./image/10-12-2022_03:41:41.png,0
10-12-2022_03:41:47,./image/10-12-2022_03:41:47.png,0
10-12-2022_03:41:52,./image/10-12-2022_03:41:52.png,0
10-12-2022_03:41:58,./image/10-12-2022_03:41:57.png,0
10-12-2022_03:42:03,./image/10-12-2022_03:42:03.png,0
10-12-2022_03:42:08,./image/10-12-2022_03:42:08.png,0
10-12-2022_03:42:13,./image/10-12-2022_03:42:13.png,0
10-12-2022_03:42:19,./image/10-12-2022_03:42:19.png,0
10-12-2022_03:42:24,./image/10-12-2022_03:42:24.png,0
10-12-2022_03:42:29,./image/10-12-2022_03:42:29.png,0
10-12-2022_03:42:35,./image/10-12-2022_03:42:34.png,0
10-12-2022_03:42:40,./image/10-12-2022_03:42:40.png,0
10-12-2022_03:42:45,./image/10-12-2022_03:42:45.png,0
10-12-2022_03:42:50,./image/10-12-2022_03:42:50.png,0
10-12-2022_03:42:56,./image/10-12-2022_03:42:56.png,0
10-12-2022_03:43:01,./image/10-12-2022_03:43:01.png,0
10-12-2022_03:43:06,./image/10-12-2022_03:43:06.png,0
10-12-2022_03:43:12,./image/10-12-2022_03:43:11.png,0
10-12-2022_03:43:17,./image/10-12-2022_03:43:17.png,0
10-12-2022_03:43:22,./image/10-12-2022_03:43:22.png,0
10-12-2022_03:43:27,./image/10-12-2022_03:43:27.png,0
10-12-2022_03:43:33,./image/10-12-2022_03:43:33.png,0
10-12-2022_03:43:38,./image/10-12-2022_03:43:38.png,0
10-12-2022_03:43:43,./image/10-12-2022_03:43:43.png,0
10-12-2022_03:43:49,./image/10-12-2022_03:43:48.png,0
10-12-2022_03:43:54,./image/10-12-2022_03:43:54.png,0
10-12-2022_03:43:59,./image/10-12-2022_03:43:59.png,0
10-12-2022_03:44:05,./image/10-12-2022_03:44:04.png,0
10-12-2022_03:44:07,./image/10-12-2022_03:44:07.png,0
10-12-2022_03:44:08,./image/10-12-2022_03:44:08.png,0
10-12-2022_03:44:10,./image/10-12-2022_03:44:10.png,0
10-12-2022_03:44:12,./image/10-12-2022_03:44:12.png,0
10-12-2022_03:44:13,./image/10-12-2022_03:44:13.png,0
10-12-2022_03:44:14,./image/10-12-2022_03:44:14.png,0
10-12-2022_03:44:16,./image/10-12-2022_03:44:16.png,0
10-12-2022_03:44:17,./image/10-12-2022_03:44:17.png,0
10-12-2022_03:44:20,./image/10-12-2022_03:44:20.png,0
10-12-2022_03:44:24,./image/10-12-2022_03:44:23.png,0
10-12-2022_03:44:27,./image/10-12-2022_03:44:27.png,0
10-12-2022_03:44:30,./image/10-12-2022_03:44:30.png,0
10-12-2022_03:44:33,./image/10-12-2022_03:44:33.png,0
10-12-2022_03:44:36,./image/10-12-2022_03:44:36.png,0
10-12-2022_03:44:41,./image/10-12-2022_03:44:40.png,0
10-12-2022_03:44:45,./image/10-12-2022_03:44:45.png,0
10-12-2022_03:44:49,./image/10-12-2022_03:44:49.png,0
10-12-2022_03:44:53,./image/10-12-2022_03:44:53.png,0
10-12-2022_03:44:58,./image/10-12-2022_03:44:57.png,0
10-12-2022_04:16:30,./image/10-12-2022_04:16:29.png,0.7522179484367371
10-12-2022_04:17:22,./image/10-12-2022_04:17:22.png,0.8326761722564697
10-12-2022_04:17:33,./image/10-12-2022_04:17:33.png,0.8970562219619751
10-12-2022_04:17:40,./image/10-12-2022_04:17:40.png,0.8970625996589661
10-12-2022_04:18:29,./image/10-12-2022_04:18:29.png,0.8818609714508057
10-12-2022_04:19:27,./image/10-12-2022_04:19:27.png,0.6419728994369507
10-12-2022_04:19:34,./image/10-12-2022_04:19:34.png,0.6241913437843323
10-12-2022_04:22:23,./image/10-12-2022_04:22:22.png,0.8318489193916321
10-12-2022_04:22:29,./image/10-12-2022_04:22:29.png,0.7832330465316772
10-12-2022_04:22:35,./image/10-12-2022_04:22:35.png,0.7572309374809265
10-12-2022_04:22:41,./image/10-12-2022_04:22:41.png,0.7597648501396179
10-12-2022_04:22:47,./image/10-12-2022_04:22:47.png,0.722486138343811
10-12-2022_04:22:53,./image/10-12-2022_04:22:53.png,0.6987494826316833
10-12-2022_04:22:59,./image/10-12-2022_04:22:59.png,0.6555761098861694
10-12-2022_04:23:05,./image/10-12-2022_04:23:05.png,0.7099133729934692
10-12-2022_04:23:11,./image/10-12-2022_04:23:11.png,0.6736153364181519
10-12-2022_04:23:17,./image/10-12-2022_04:23:17.png,0.7231552600860596
10-12-2022_04:23:23,./image/10-12-2022_04:23:23.png,0.6138738542795181
10-12-2022_04:23:29,./image/10-12-2022_04:23:29.png,0.5574960907300314
10-12-2022_04:23:35,./image/10-12-2022_04:23:35.png,0.5859500914812088
10-12-2022_04:23:42,./image/10-12-2022_04:23:41.png,0.6171952784061432
10-12-2022_04:23:48,./image/10-12-2022_04:23:47.png,0.5461444954077402
10-12-2022_04:23:54,./image/10-12-2022_04:23:53.png,0.5994349420070648
10-12-2022_04:24:00,./image/10-12-2022_04:24:00.png,0.6038125157356262
10-12-2022_04:24:06,./image/10-12-2022_04:24:06.png,0.5476210713386536
10-12-2022_04:24:12,./image/10-12-2022_04:24:12.png,0.5349379479885101
10-12-2022_04:24:18,./image/10-12-2022_04:24:18.png,0.5348032414913177
10-12-2022_04:24:24,./image/10-12-2022_04:24:24.png,0.49734313786029816
10-12-2022_04:24:30,./image/10-12-2022_04:24:30.png,0.4974634051322937
10-12-2022_04:24:36,./image/10-12-2022_04:24:36.png,0.5245108306407928
10-12-2022_04:24:42,./image/10-12-2022_04:24:42.png,0.5579023361206055
10-12-2022_04:24:48,./image/10-12-2022_04:24:48.png,0.5785297155380249
10-12-2022_04:24:54,./image/10-12-2022_04:24:54.png,0.6379363238811493
10-12-2022_04:25:00,./image/10-12-2022_04:25:00.png,0.6377680003643036
10-12-2022_04:25:06,./image/10-12-2022_04:25:06.png,0.639624834060669
10-12-2022_04:25:13,./image/10-12-2022_04:25:12.png,0.5817785114049911
10-12-2022_04:25:19,./image/10-12-2022_04:25:18.png,0.5357971787452698
10-12-2022_04:25:25,./image/10-12-2022_04:25:24.png,0.45983538031578064
10-12-2022_04:25:31,./image/10-12-2022_04:25:30.png,0.48863285779953003
10-12-2022_04:25:37,./image/10-12-2022_04:25:37.png,0.46386024355888367
10-12-2022_04:25:43,./image/10-12-2022_04:25:43.png,0.48408976197242737
10-12-2022_04:25:49,./image/10-12-2022_04:25:49.png,0.526621401309967
10-12-2022_04:25:55,./image/10-12-2022_04:25:55.png,0.5273362398147583
10-12-2022_04:26:01,./image/10-12-2022_04:26:01.png,0.4942606985569
10-12-2022_04:26:07,./image/10-12-2022_04:26:07.png,0.4961640387773514
10-12-2022_04:26:13,./image/10-12-2022_04:26:13.png,0.5347271114587784
10-12-2022_04:26:19,./image/10-12-2022_04:26:19.png,0.5311988443136215
10-12-2022_04:26:25,./image/10-12-2022_04:26:25.png,0.5264857560396194
10-12-2022_04:26:31,./image/10-12-2022_04:26:31.png,0.5376820713281631
10-12-2022_04:26:37,./image/10-12-2022_04:26:37.png,0.5368497520685196
10-12-2022_04:26:43,./image/10-12-2022_04:26:43.png,0.5437241196632385
10-12-2022_04:26:50,./image/10-12-2022_04:26:49.png,0.5437241196632385
10-12-2022_04:26:58,./image/10-12-2022_04:26:58.png,0.5437241196632385
10-12-2022_04:27:07,./image/10-12-2022_04:27:07.png,0.5437241196632385
10-12-2022_04:27:19,./image/10-12-2022_04:27:19.png,0.5437241196632385
10-12-2022_04:27:30,./image/10-12-2022_04:27:30.png,0.5437241196632385
10-12-2022_04:27:40,./image/10-12-2022_04:27:40.png,0.5437241196632385
10-12-2022_04:27:49,./image/10-12-2022_04:27:49.png,0.5437241196632385
10-12-2022_04:27:58,./image/10-12-2022_04:27:58.png,0.5437241196632385
10-12-2022_04:28:06,./image/10-12-2022_04:28:06.png,0.5437241196632385
10-12-2022_04:28:16,./image/10-12-2022_04:28:16.png,0.5437241196632385
10-12-2022_04:28:25,./image/10-12-2022_04:28:24.png,0.5437241196632385
10-12-2022_04:28:33,./image/10-12-2022_04:28:33.png,0.5437241196632385
10-12-2022_04:28:43,./image/10-12-2022_04:28:43.png,0.5437241196632385
10-12-2022_04:28:51,./image/10-12-2022_04:28:51.png,0.5437241196632385
10-12-2022_04:28:59,./image/10-12-2022_04:28:59.png,0.5437241196632385
10-12-2022_04:29:07,./image/10-12-2022_04:29:07.png,0.49644577503204346
10-12-2022_04:29:13,./image/10-12-2022_04:29:13.png,0.5077676177024841
10-12-2022_04:29:20,./image/10-12-2022_04:29:19.png,0.502548098564148
10-12-2022_04:29:26,./image/10-12-2022_04:29:25.png,0.5412693619728088
10-12-2022_04:29:32,./image/10-12-2022_04:29:32.png,0.5696298480033875
10-12-2022_04:29:38,./image/10-12-2022_04:29:38.png,0.5115632265806198
10-12-2022_04:29:44,./image/10-12-2022_04:29:44.png,0.5203019380569458
10-12-2022_04:29:50,./image/10-12-2022_04:29:50.png,0.5108518302440643
10-12-2022_04:29:56,./image/10-12-2022_04:29:56.png,0.5108518302440643
10-12-2022_04:30:04,./image/10-12-2022_04:30:04.png,0.5108518302440643
10-12-2022_04:30:13,./image/10-12-2022_04:30:12.png,0.560102105140686
10-12-2022_04:30:19,./image/10-12-2022_04:30:19.png,0.560102105140686
10-12-2022_04:30:25,./image/10-12-2022_04:30:25.png,0.543716549873352
10-12-2022_04:30:31,./image/10-12-2022_04:30:31.png,0.5218154639005661
10-12-2022_04:30:37,./image/10-12-2022_04:30:37.png,0.5319395959377289
10-12-2022_04:30:43,./image/10-12-2022_04:30:43.png,0.5466048866510391
10-12-2022_04:30:50,./image/10-12-2022_04:30:49.png,0.5466048866510391
10-12-2022_04:30:56,./image/10-12-2022_04:30:56.png,0.5980602204799652
10-12-2022_04:31:02,./image/10-12-2022_04:31:02.png,0.5689221918582916
10-12-2022_04:31:08,./image/10-12-2022_04:31:08.png,0.5391128957271576
10-12-2022_04:31:14,./image/10-12-2022_04:31:14.png,0.536689043045044
10-12-2022_04:31:20,./image/10-12-2022_04:31:20.png,0.536689043045044
10-12-2022_04:31:26,./image/10-12-2022_04:31:26.png,0.536689043045044
10-12-2022_04:31:33,./image/10-12-2022_04:31:32.png,0.5634619891643524
10-12-2022_04:31:39,./image/10-12-2022_04:31:39.png,0.5634619891643524
10-12-2022_04:31:45,./image/10-12-2022_04:31:45.png,0.5634619891643524
10-12-2022_04:31:51,./image/10-12-2022_04:31:51.png,0.5646223425865173
10-12-2022_04:31:57,./image/10-12-2022_04:31:57.png,0.555952787399292
10-12-2022_04:32:03,./image/10-12-2022_04:32:03.png,0.5591091811656952
10-12-2022_04:32:09,./image/10-12-2022_04:32:09.png,0.5591091811656952
10-12-2022_04:32:16,./image/10-12-2022_04:32:15.png,0.583499550819397
10-12-2022_04:32:22,./image/10-12-2022_04:32:21.png,0.565762847661972
10-12-2022_04:32:28,./image/10-12-2022_04:32:28.png,0.565762847661972
10-12-2022_04:32:34,./image/10-12-2022_04:32:34.png,0.6009267568588257
10-12-2022_04:32:40,./image/10-12-2022_04:32:40.png,0.5764197707176208
10-12-2022_04:32:46,./image/10-12-2022_04:32:46.png,0.5414869338274002
10-12-2022_04:32:52,./image/10-12-2022_04:32:52.png,0.5565909594297409
10-12-2022_04:32:58,./image/10-12-2022_04:32:58.png,0.5565909594297409
10-12-2022_04:33:04,./image/10-12-2022_04:33:04.png,0.5708107203245163
10-12-2022_04:33:11,./image/10-12-2022_04:33:10.png,0.5977214574813843
10-12-2022_04:33:17,./image/10-12-2022_04:33:16.png,0.5881612598896027
10-12-2022_04:33:23,./image/10-12-2022_04:33:23.png,0.5844626724720001
10-12-2022_04:33:29,./image/10-12-2022_04:33:29.png,0.5844626724720001
10-12-2022_04:33:35,./image/10-12-2022_04:33:35.png,0.5844626724720001
10-12-2022_04:33:41,./image/10-12-2022_04:33:41.png,0.5465184450149536
10-12-2022_04:33:47,./image/10-12-2022_04:33:47.png,0.5465184450149536
10-12-2022_04:33:53,./image/10-12-2022_04:33:53.png,0.5465184450149536
10-12-2022_04:34:00,./image/10-12-2022_04:33:59.png,0.530252605676651
10-12-2022_04:34:06,./image/10-12-2022_04:34:06.png,0.528409332036972
10-12-2022_04:34:12,./image/10-12-2022_04:34:12.png,0.5429888665676117
10-12-2022_04:34:18,./image/10-12-2022_04:34:18.png,0.5296101123094559
10-12-2022_04:34:24,./image/10-12-2022_04:34:24.png,0.5401696562767029
10-12-2022_04:34:30,./image/10-12-2022_04:34:30.png,0.512311115860939
10-12-2022_04:34:36,./image/10-12-2022_04:34:36.png,0.512311115860939
10-12-2022_04:34:42,./image/10-12-2022_04:34:42.png,0.512311115860939
10-12-2022_04:34:49,./image/10-12-2022_04:34:49.png,0.512311115860939
10-12-2022_04:34:55,./image/10-12-2022_04:34:55.png,0.512311115860939
10-12-2022_04:35:01,./image/10-12-2022_04:35:01.png,0.6451982259750366
10-12-2022_04:35:07,./image/10-12-2022_04:35:07.png,0.6451982259750366
10-12-2022_04:35:14,./image/10-12-2022_04:35:13.png,0.6451982259750366
10-12-2022_04:35:20,./image/10-12-2022_04:35:20.png,0.6451982259750366
10-12-2022_04:35:26,./image/10-12-2022_04:35:26.png,0.5390560775995255
10-12-2022_04:35:32,./image/10-12-2022_04:35:32.png,0.5390560775995255
10-12-2022_04:35:38,./image/10-12-2022_04:35:38.png,0.6393126845359802
10-12-2022_04:35:45,./image/10-12-2022_04:35:44.png,0.6319113373756409
10-12-2022_04:35:51,./image/10-12-2022_04:35:50.png,0.626211941242218
10-12-2022_04:35:57,./image/10-12-2022_04:35:57.png,0.626211941242218
10-12-2022_04:36:03,./image/10-12-2022_04:36:03.png,0.626211941242218
10-12-2022_04:36:09,./image/10-12-2022_04:36:09.png,0.6150997281074524
10-12-2022_04:36:16,./image/10-12-2022_04:36:15.png,0.6150997281074524
10-12-2022_04:36:22,./image/10-12-2022_04:36:22.png,0.623485803604126
10-12-2022_04:36:28,./image/10-12-2022_04:36:28.png,0.623485803604126
10-12-2022_04:36:34,./image/10-12-2022_04:36:34.png,0.6312510371208191
10-12-2022_04:36:40,./image/10-12-2022_04:36:40.png,0.6456944346427917
10-12-2022_04:36:46,./image/10-12-2022_04:36:46.png,0.6456944346427917
10-12-2022_04:36:52,./image/10-12-2022_04:36:52.png,0.6513454914093018
10-12-2022_04:36:58,./image/10-12-2022_04:36:58.png,0.6513454914093018
10-12-2022_04:37:05,./image/10-12-2022_04:37:04.png,0.6281999349594116
10-12-2022_04:37:11,./image/10-12-2022_04:37:11.png,0.6645899415016174
10-12-2022_04:37:17,./image/10-12-2022_04:37:17.png,0.6645899415016174
10-12-2022_04:37:23,./image/10-12-2022_04:37:23.png,0.6645899415016174
10-12-2022_04:37:29,./image/10-12-2022_04:37:29.png,0.5586548000574112
10-12-2022_04:37:35,./image/10-12-2022_04:37:35.png,0.5586548000574112
10-12-2022_04:37:41,./image/10-12-2022_04:37:41.png,0.6766133904457092
10-12-2022_04:37:48,./image/10-12-2022_04:37:47.png,0.6766133904457092
10-12-2022_04:37:54,./image/10-12-2022_04:37:54.png,0.6740526556968689
10-12-2022_04:38:00,./image/10-12-2022_04:38:00.png,0.5781012624502182
10-12-2022_04:38:06,./image/10-12-2022_04:38:06.png,0.5781012624502182
10-12-2022_04:38:12,./image/10-12-2022_04:38:12.png,0.5781012624502182
10-12-2022_04:38:18,./image/10-12-2022_04:38:18.png,0.5781012624502182
10-12-2022_04:38:24,./image/10-12-2022_04:38:24.png,0.5781012624502182
10-12-2022_04:38:31,./image/10-12-2022_04:38:30.png,0.6047986447811127
10-12-2022_04:38:37,./image/10-12-2022_04:38:36.png,0.6047986447811127
10-12-2022_04:38:43,./image/10-12-2022_04:38:43.png,0.584335058927536
10-12-2022_04:38:49,./image/10-12-2022_04:38:49.png,0.57332843542099
10-12-2022_04:38:55,./image/10-12-2022_04:38:55.png,0.5790144056081772
10-12-2022_04:39:01,./image/10-12-2022_04:39:01.png,0.5790144056081772
10-12-2022_04:39:07,./image/10-12-2022_04:39:07.png,0.5532785207033157
10-12-2022_04:39:13,./image/10-12-2022_04:39:13.png,0.5746219009160995
10-12-2022_04:39:20,./image/10-12-2022_04:39:19.png,0.5746219009160995
10-12-2022_04:39:26,./image/10-12-2022_04:39:25.png,0.5630153268575668
10-12-2022_04:39:32,./image/10-12-2022_04:39:32.png,0.5630153268575668
10-12-2022_04:39:38,./image/10-12-2022_04:39:38.png,0.5630153268575668
10-12-2022_04:39:44,./image/10-12-2022_04:39:44.png,0.5630153268575668
10-12-2022_04:39:50,./image/10-12-2022_04:39:50.png,0.5630153268575668
10-12-2022_04:39:56,./image/10-12-2022_04:39:56.png,0.5708768665790558
10-12-2022_04:40:03,./image/10-12-2022_04:40:02.png,0.5746031403541565
10-12-2022_04:40:09,./image/10-12-2022_04:40:08.png,0.5720307230949402
10-12-2022_04:40:15,./image/10-12-2022_04:40:15.png,0.576714813709259
10-12-2022_04:40:21,./image/10-12-2022_04:40:21.png,0.5786748826503754
10-12-2022_04:40:27,./image/10-12-2022_04:40:27.png,0.582792341709137
10-12-2022_04:40:33,./image/10-12-2022_04:40:33.png,0.7002267837524414
10-12-2022_04:40:39,./image/10-12-2022_04:40:39.png,0.6937091946601868
10-12-2022_04:40:45,./image/10-12-2022_04:40:45.png,0.6996602416038513
10-12-2022_04:40:51,./image/10-12-2022_04:40:51.png,0.6996602416038513
10-12-2022_04:40:58,./image/10-12-2022_04:40:57.png,0.6996602416038513
10-12-2022_04:41:04,./image/10-12-2022_04:41:03.png,0.5670186430215836
10-12-2022_04:41:10,./image/10-12-2022_04:41:10.png,0.5670186430215836
10-12-2022_04:41:16,./image/10-12-2022_04:41:16.png,0.66744065284729
10-12-2022_04:41:22,./image/10-12-2022_04:41:22.png,0.6700259447097778
10-12-2022_04:41:28,./image/10-12-2022_04:41:28.png,0.6700259447097778
10-12-2022_04:41:34,./image/10-12-2022_04:41:34.png,0.6968074440956116
10-12-2022_04:41:40,./image/10-12-2022_04:41:40.png,0.6968074440956116
10-12-2022_04:41:47,./image/10-12-2022_04:41:47.png,0.6968074440956116
10-12-2022_04:41:53,./image/10-12-2022_04:41:53.png,0.7012561559677124
10-12-2022_04:41:59,./image/10-12-2022_04:41:59.png,0.7170179486274719
10-12-2022_04:42:05,./image/10-12-2022_04:42:05.png,0.705644428730011
10-12-2022_04:42:11,./image/10-12-2022_04:42:11.png,0.7158918976783752
10-12-2022_04:42:18,./image/10-12-2022_04:42:17.png,0.7195448875427246
10-12-2022_04:42:24,./image/10-12-2022_04:42:24.png,0.7192246317863464
10-12-2022_04:42:30,./image/10-12-2022_04:42:30.png,0.7373555898666382
10-12-2022_04:42:36,./image/10-12-2022_04:42:36.png,0.7310634851455688
10-12-2022_04:42:42,./image/10-12-2022_04:42:42.png,0.7365298867225647
10-12-2022_04:42:48,./image/10-12-2022_04:42:48.png,0.7392727732658386
10-12-2022_04:42:54,./image/10-12-2022_04:42:54.png,0.7493552565574646
10-12-2022_04:43:00,./image/10-12-2022_04:43:00.png,0.7490358352661133
10-12-2022_04:43:06,./image/10-12-2022_04:43:06.png,0.7340574860572815
10-12-2022_04:43:13,./image/10-12-2022_04:43:12.png,0.7407936453819275
10-12-2022_04:43:19,./image/10-12-2022_04:43:18.png,0.7539411783218384
10-12-2022_04:43:25,./image/10-12-2022_04:43:25.png,0.759306013584137
10-12-2022_04:43:31,./image/10-12-2022_04:43:31.png,0.7497040629386902
10-12-2022_04:43:37,./image/10-12-2022_04:43:37.png,0.759636402130127
10-12-2022_04:43:43,./image/10-12-2022_04:43:43.png,0.759636402130127
10-12-2022_04:43:49,./image/10-12-2022_04:43:49.png,0.759636402130127
10-12-2022_04:43:55,./image/10-12-2022_04:43:55.png,0.6037518978118896
10-12-2022_04:44:02,./image/10-12-2022_04:44:01.png,0.614043116569519
10-12-2022_04:44:08,./image/10-12-2022_04:44:07.png,0.6320465207099915
10-12-2022_04:44:14,./image/10-12-2022_04:44:14.png,0.6439546942710876
10-12-2022_04:44:20,./image/10-12-2022_04:44:20.png,0.6439546942710876
10-12-2022_04:44:26,./image/10-12-2022_04:44:26.png,0.6439546942710876
10-12-2022_04:44:32,./image/10-12-2022_04:44:32.png,0.6439546942710876
10-12-2022_04:44:38,./image/10-12-2022_04:44:38.png,0.6439546942710876
10-12-2022_04:44:44,./image/10-12-2022_04:44:44.png,0.6439546942710876
10-12-2022_04:44:51,./image/10-12-2022_04:44:50.png,0.6460298299789429
10-12-2022_04:44:57,./image/10-12-2022_04:44:57.png,0.5501494407653809
10-12-2022_04:45:03,./image/10-12-2022_04:45:03.png,0.5583659112453461
10-12-2022_04:45:09,./image/10-12-2022_04:45:09.png,0.6717571020126343
10-12-2022_04:45:15,./image/10-12-2022_04:45:15.png,0.6110168099403381
10-12-2022_04:45:21,./image/10-12-2022_04:45:21.png,0.6110168099403381
10-12-2022_04:45:27,./image/10-12-2022_04:45:27.png,0.5953521728515625
10-12-2022_04:45:33,./image/10-12-2022_04:45:33.png,0.5773186087608337
10-12-2022_04:45:40,./image/10-12-2022_04:45:39.png,0.509677842259407
10-12-2022_04:45:46,./image/10-12-2022_04:45:46.png,0.5154096335172653
10-12-2022_04:45:52,./image/10-12-2022_04:45:52.png,0.5154096335172653
10-12-2022_04:45:58,./image/10-12-2022_04:45:58.png,0.5154096335172653
10-12-2022_04:46:04,./image/10-12-2022_04:46:04.png,0.5741571187973022
10-12-2022_04:46:10,./image/10-12-2022_04:46:10.png,0.5741571187973022
10-12-2022_04:46:16,./image/10-12-2022_04:46:16.png,0.5741571187973022
10-12-2022_04:46:23,./image/10-12-2022_04:46:22.png,0.5213712453842163
10-12-2022_04:46:29,./image/10-12-2022_04:46:29.png,0.557520866394043
10-12-2022_04:46:35,./image/10-12-2022_04:46:35.png,0.5354425311088562
10-12-2022_04:46:41,./image/10-12-2022_04:46:41.png,0.5501601994037628
10-12-2022_04:46:47,./image/10-12-2022_04:46:47.png,0.5501601994037628
10-12-2022_04:46:53,./image/10-12-2022_04:46:53.png,0.5501601994037628
10-12-2022_04:46:59,./image/10-12-2022_04:46:59.png,0.5501601994037628
10-12-2022_04:47:06,./image/10-12-2022_04:47:05.png,0.6116268038749695
10-12-2022_04:47:12,./image/10-12-2022_04:47:11.png,0.6525163054466248
10-12-2022_04:47:18,./image/10-12-2022_04:47:18.png,0.5777140557765961
10-12-2022_04:47:24,./image/10-12-2022_04:47:24.png,0.6043794751167297
10-12-2022_04:47:30,./image/10-12-2022_04:47:30.png,0.6043794751167297
10-12-2022_04:47:36,./image/10-12-2022_04:47:36.png,0.6043794751167297
10-12-2022_04:47:43,./image/10-12-2022_04:47:42.png,0.6203805357217789
10-12-2022_04:47:49,./image/10-12-2022_04:47:49.png,0.6350002288818359
10-12-2022_04:47:55,./image/10-12-2022_04:47:55.png,0.645564004778862
10-12-2022_04:48:01,./image/10-12-2022_04:48:01.png,0.6498324573040009
10-12-2022_04:48:07,./image/10-12-2022_04:48:07.png,0.6550171077251434
10-12-2022_04:48:13,./image/10-12-2022_04:48:13.png,0.6469272077083588
10-12-2022_04:48:19,./image/10-12-2022_04:48:19.png,0.6389093101024628
10-12-2022_04:48:25,./image/10-12-2022_04:48:25.png,0.6329209357500076
10-12-2022_04:48:31,./image/10-12-2022_04:48:31.png,0.6195583492517471
10-12-2022_04:48:37,./image/10-12-2022_04:48:37.png,0.6007347404956818
10-12-2022_04:48:44,./image/10-12-2022_04:48:43.png,0.6062296628952026
10-12-2022_04:48:50,./image/10-12-2022_04:48:50.png,0.6380676627159119
10-12-2022_04:48:56,./image/10-12-2022_04:48:56.png,0.6356061100959778
10-12-2022_04:49:02,./image/10-12-2022_04:49:02.png,0.6241784989833832
10-12-2022_04:49:08,./image/10-12-2022_04:49:08.png,0.6312742233276367
10-12-2022_04:49:14,./image/10-12-2022_04:49:14.png,0.6312742233276367
10-12-2022_04:49:20,./image/10-12-2022_04:49:20.png,0.605459451675415
10-12-2022_04:49:26,./image/10-12-2022_04:49:26.png,0.5922004878520966
10-12-2022_04:49:32,./image/10-12-2022_04:49:32.png,0.5974844694137573
10-12-2022_04:49:39,./image/10-12-2022_04:49:38.png,0.5894262343645096
10-12-2022_04:49:45,./image/10-12-2022_04:49:45.png,0.5835684537887573
10-12-2022_04:49:51,./image/10-12-2022_04:49:51.png,0.5922664552927017
10-12-2022_04:49:57,./image/10-12-2022_04:49:57.png,0.5920448750257492
10-12-2022_04:50:03,./image/10-12-2022_04:50:03.png,0.588926687836647
10-12-2022_04:50:09,./image/10-12-2022_04:50:09.png,0.5384235680103302
10-12-2022_04:50:15,./image/10-12-2022_04:50:15.png,0.5384235680103302
10-12-2022_04:50:21,./image/10-12-2022_04:50:21.png,0.5769271701574326
10-12-2022_04:50:27,./image/10-12-2022_04:50:27.png,0.5453642010688782
10-12-2022_04:50:34,./image/10-12-2022_04:50:33.png,0.5453642010688782
10-12-2022_04:50:40,./image/10-12-2022_04:50:40.png,0.5521256824334463
10-12-2022_04:50:46,./image/10-12-2022_04:50:46.png,0.5521256824334463
10-12-2022_04:50:52,./image/10-12-2022_04:50:52.png,0.5521256824334463
10-12-2022_04:50:59,./image/10-12-2022_04:50:58.png,0.5521256824334463
10-12-2022_04:51:05,./image/10-12-2022_04:51:05.png,0.5521256824334463
10-12-2022_04:51:11,./image/10-12-2022_04:51:11.png,0.5515764057636261
10-12-2022_04:51:17,./image/10-12-2022_04:51:17.png,0.5515764057636261
10-12-2022_04:51:23,./image/10-12-2022_04:51:23.png,0.5515764057636261
10-12-2022_04:51:30,./image/10-12-2022_04:51:30.png,0.5515764057636261
10-12-2022_04:51:36,./image/10-12-2022_04:51:36.png,0.5515764057636261
10-12-2022_04:51:42,./image/10-12-2022_04:51:42.png,0.5515764057636261
10-12-2022_04:51:49,./image/10-12-2022_04:51:48.png,0.5610273579756418
10-12-2022_04:51:55,./image/10-12-2022_04:51:54.png,0.5738109548886617
10-12-2022_04:52:01,./image/10-12-2022_04:52:01.png,0.5961193740367889
10-12-2022_04:52:07,./image/10-12-2022_04:52:07.png,0.5958859026432037
10-12-2022_04:52:13,./image/10-12-2022_04:52:13.png,0.5990022867918015
10-12-2022_04:52:19,./image/10-12-2022_04:52:19.png,0.602322518825531
10-12-2022_04:52:25,./image/10-12-2022_04:52:25.png,0.6003967225551605
10-12-2022_04:52:31,./image/10-12-2022_04:52:31.png,0.5942974239587784
10-12-2022_04:52:37,./image/10-12-2022_04:52:37.png,0.5942974239587784
10-12-2022_04:52:44,./image/10-12-2022_04:52:43.png,0.5452787478764852
10-12-2022_04:52:50,./image/10-12-2022_04:52:49.png,0.5779053866863251
10-12-2022_04:52:56,./image/10-12-2022_04:52:56.png,0.5802834928035736
10-12-2022_04:53:02,./image/10-12-2022_04:53:02.png,0.5385228792826334
10-12-2022_04:53:08,./image/10-12-2022_04:53:08.png,0.5487386286258698
10-12-2022_04:53:14,./image/10-12-2022_04:53:14.png,0.5595945318539938
10-12-2022_04:53:20,./image/10-12-2022_04:53:20.png,0.5509675542513529
10-12-2022_04:53:26,./image/10-12-2022_04:53:26.png,0.547772745291392
10-12-2022_04:53:33,./image/10-12-2022_04:53:32.png,0.5528747836748759
10-12-2022_04:53:39,./image/10-12-2022_04:53:38.png,0.5531561970710754
10-12-2022_04:53:45,./image/10-12-2022_04:53:45.png,0.5557301541169485
10-12-2022_04:53:51,./image/10-12-2022_04:53:51.png,0.6114668548107147
10-12-2022_04:53:57,./image/10-12-2022_04:53:57.png,0.5463576912879944
10-12-2022_04:54:03,./image/10-12-2022_04:54:03.png,0.5500902533531189
10-12-2022_04:54:09,./image/10-12-2022_04:54:09.png,0.5138418674468994
10-12-2022_04:54:15,./image/10-12-2022_04:54:15.png,0.5680327415466309
10-12-2022_04:54:21,./image/10-12-2022_04:54:21.png,0.5680327415466309
10-12-2022_04:54:28,./image/10-12-2022_04:54:27.png,0.5969647765159607
10-12-2022_04:54:34,./image/10-12-2022_04:54:33.png,0.5965806245803833
10-12-2022_04:54:40,./image/10-12-2022_04:54:40.png,0.5965806245803833
10-12-2022_04:54:46,./image/10-12-2022_04:54:46.png,0.5631729364395142
10-12-2022_04:54:52,./image/10-12-2022_04:54:52.png,0.5739333629608154
10-12-2022_04:54:58,./image/10-12-2022_04:54:58.png,0.5907543301582336
10-12-2022_04:55:04,./image/10-12-2022_04:55:04.png,0.5907543301582336
10-12-2022_04:55:11,./image/10-12-2022_04:55:10.png,0.5194497853517532
10-12-2022_04:55:17,./image/10-12-2022_04:55:16.png,0.5676203370094299
10-12-2022_04:55:23,./image/10-12-2022_04:55:23.png,0.5179682821035385
10-12-2022_04:55:29,./image/10-12-2022_04:55:29.png,0.5119320899248123
10-12-2022_04:55:35,./image/10-12-2022_04:55:35.png,0.5265227556228638
10-12-2022_04:55:41,./image/10-12-2022_04:55:41.png,0.5641838908195496
10-12-2022_04:55:47,./image/10-12-2022_04:55:47.png,0.5804454684257507
10-12-2022_04:55:53,./image/10-12-2022_04:55:53.png,0.5762571692466736
10-12-2022_04:55:59,./image/10-12-2022_04:55:59.png,0.5762571692466736
10-12-2022_04:56:06,./image/10-12-2022_04:56:05.png,0.5834038257598877
10-12-2022_04:56:12,./image/10-12-2022_04:56:11.png,0.5501114130020142
10-12-2022_04:56:18,./image/10-12-2022_04:56:18.png,0.5004492849111557
10-12-2022_04:56:24,./image/10-12-2022_04:56:24.png,0.5862401723861694
10-12-2022_04:56:30,./image/10-12-2022_04:56:30.png,0.5950757265090942
10-12-2022_04:56:36,./image/10-12-2022_04:56:36.png,0.5805855393409729
10-12-2022_04:56:42,./image/10-12-2022_04:56:42.png,0.5805855393409729
10-12-2022_04:56:48,./image/10-12-2022_04:56:48.png,0.5834311246871948
10-12-2022_04:56:54,./image/10-12-2022_04:56:54.png,0.5532028675079346
10-12-2022_04:57:01,./image/10-12-2022_04:57:00.png,0.5494220554828644
10-12-2022_04:57:07,./image/10-12-2022_04:57:06.png,0.5264426171779633
10-12-2022_04:57:13,./image/10-12-2022_04:57:13.png,0.5279567539691925
10-12-2022_04:57:19,./image/10-12-2022_04:57:19.png,0.5268855541944504
10-12-2022_04:57:25,./image/10-12-2022_04:57:25.png,0.5258896499872208
10-12-2022_04:57:31,./image/10-12-2022_04:57:31.png,0.5351130962371826
10-12-2022_04:57:37,./image/10-12-2022_04:57:37.png,0.5129716694355011
10-12-2022_04:57:43,./image/10-12-2022_04:57:43.png,0.5345614850521088
10-12-2022_04:57:49,./image/10-12-2022_04:57:49.png,0.5345614850521088
10-12-2022_04:57:56,./image/10-12-2022_04:57:55.png,0.5103524774312973
10-12-2022_04:58:02,./image/10-12-2022_04:58:01.png,0.5103524774312973
10-12-2022_04:58:08,./image/10-12-2022_04:58:08.png,0.5323494672775269
10-12-2022_04:58:14,./image/10-12-2022_04:58:14.png,0.5323494672775269
10-12-2022_04:58:20,./image/10-12-2022_04:58:20.png,0.5331605672836304
10-12-2022_04:58:26,./image/10-12-2022_04:58:26.png,0.5362273156642914
10-12-2022_04:58:32,./image/10-12-2022_04:58:32.png,0.5276489406824112
10-12-2022_04:58:38,./image/10-12-2022_04:58:38.png,0.5276489406824112
10-12-2022_04:58:44,./image/10-12-2022_04:58:44.png,0.5215205550193787
10-12-2022_04:58:51,./image/10-12-2022_04:58:50.png,0.5425468385219574
10-12-2022_04:58:57,./image/10-12-2022_04:58:57.png,0.5209077596664429
10-12-2022_04:59:03,./image/10-12-2022_04:59:03.png,0.6307384371757507
10-12-2022_04:59:09,./image/10-12-2022_04:59:09.png,0.6307384371757507
10-12-2022_04:59:15,./image/10-12-2022_04:59:15.png,0.6307384371757507
10-12-2022_04:59:21,./image/10-12-2022_04:59:21.png,0.6265144944190979
10-12-2022_04:59:27,./image/10-12-2022_04:59:27.png,0.6279911398887634
10-12-2022_04:59:33,./image/10-12-2022_04:59:33.png,0.6148385405540466
10-12-2022_04:59:40,./image/10-12-2022_04:59:39.png,0.6148385405540466
10-12-2022_04:59:47,./image/10-12-2022_04:59:47.png,0.6148385405540466
10-12-2022_04:59:54,./image/10-12-2022_04:59:54.png,0.6148385405540466
10-12-2022_05:00:02,./image/10-12-2022_05:00:02.png,0.6148385405540466
10-12-2022_05:00:11,./image/10-12-2022_05:00:11.png,0.6148385405540466
10-12-2022_05:00:18,./image/10-12-2022_05:00:18.png,0.6148385405540466
10-12-2022_05:00:25,./image/10-12-2022_05:00:25.png,0.6148385405540466
10-12-2022_05:00:33,./image/10-12-2022_05:00:33.png,0.6148385405540466
10-12-2022_05:00:40,./image/10-12-2022_05:00:40.png,0.6148385405540466
10-12-2022_05:00:47,./image/10-12-2022_05:00:47.png,0.6148385405540466
10-12-2022_05:00:53,./image/10-12-2022_05:00:53.png,0.56565260887146
10-12-2022_05:00:59,./image/10-12-2022_05:00:59.png,0.56565260887146
10-12-2022_05:01:05,./image/10-12-2022_05:01:05.png,0.56565260887146
10-12-2022_05:01:12,./image/10-12-2022_05:01:12.png,0.56565260887146
10-12-2022_05:01:18,./image/10-12-2022_05:01:18.png,0.56565260887146
10-12-2022_05:01:27,./image/10-12-2022_05:01:27.png,0.56565260887146
10-12-2022_05:01:34,./image/10-12-2022_05:01:34.png,0.56565260887146
10-12-2022_05:03:05,./image/10-12-2022_05:03:05.png,0.6277003884315491
10-12-2022_05:03:07,./image/10-12-2022_05:03:07.png,0.5859627723693848
10-12-2022_05:03:10,./image/10-12-2022_05:03:09.png,0.6126158833503723
10-12-2022_05:03:11,./image/10-12-2022_05:03:10.png,0.6557071805000305
10-12-2022_05:03:12,./image/10-12-2022_05:03:11.png,0.6402301788330078
10-12-2022_05:03:13,./image/10-12-2022_05:03:13.png,0.6426824331283569
10-12-2022_05:03:14,./image/10-12-2022_05:03:14.png,0.6155960559844971
10-12-2022_05:03:15,./image/10-12-2022_05:03:15.png,0.6013267040252686
10-12-2022_05:03:17,./image/10-12-2022_05:03:17.png,0.6399155259132385
10-12-2022_05:03:18,./image/10-12-2022_05:03:18.png,0.6498859524726868
10-12-2022_05:03:19,./image/10-12-2022_05:03:19.png,0.6471241116523743
10-12-2022_05:03:24,./image/10-12-2022_05:03:23.png,0.6060329675674438
10-12-2022_05:03:29,./image/10-12-2022_05:03:29.png,0.6153822541236877
10-12-2022_05:03:34,./image/10-12-2022_05:03:34.png,0.5986455082893372
10-12-2022_05:03:39,./image/10-12-2022_05:03:39.png,0.602719783782959
10-12-2022_05:03:45,./image/10-12-2022_05:03:45.png,0.6420100331306458
10-12-2022_05:03:50,./image/10-12-2022_05:03:50.png,0.6372038125991821
10-12-2022_05:03:55,./image/10-12-2022_05:03:55.png,0.666448712348938
10-12-2022_05:04:01,./image/10-12-2022_05:04:01.png,0.5414091944694519
10-12-2022_05:04:03,./image/10-12-2022_05:04:03.png,0.5404028296470642
